{"agents":[{"id":1,
"xse":[[8.5,
-5,
0],
[8.5,
6,
10]],
"max_time":10,
"waypoints":1,
"seg_per_waypoint":10,
"segments":10,
"v":[[8.5,
-5,
1.0114644494879962E-21],
[8.4999993130434426,
-3.9000106326151114,
0.9999937628077199],
[8.4999994766774787,
-2.8000196531093713,
1.999988689017747],
[8.4999982246800627,
-1.7000035244960963,
3.0000056772331951],
[8.49999947850221,
-0.60000209528359616,
4.0000083496895638],
[8.49999762793415,
0.49993845775889906,
4.999954453007911],
[8.4999996966201969,
1.5998965197325885,
5.9999150954283866],
[8.4999978710189,
2.7006591216528117,
7.0006061586461881],
[8.4999998370795176,
3.7996609196489417,
7.9996958469273176],
[8.4999990876115774,
4.8995465027626457,
8.9995884685561549],
[8.5,
6,
9.99999688224067]],
"e":[[1,
2],
[2,
3],
[3,
4],
[4,
5],
[5,
6],
[6,
7],
[7,
8],
[8,
9],
[9,
10],
[10,
11]]},
{"id":2,
"xse":[[8,
2,
0],
[9,
-7,
10]],
"max_time":10,
"waypoints":1,
"seg_per_waypoint":10,
"segments":10,
"v":[[8,
2,
-1.7807398632007195E-20],
[8.0999986725631,
1.1000053855459104,
0.99996066541589645],
[8.2000036434923356,
0.19996238810488878,
1.9999756619882427],
[8.2999983671018178,
-0.69999853164276338,
2.9998988770624098],
[8.3999994536269718,
-1.6000055880561384,
3.9998738151378217],
[8.4999921453627181,
-2.4999406251822687,
4.99976848727534],
[8.5999624564835333,
-3.3996770269602594,
5.9994423166249238],
[8.7000566832486914,
-4.3005160290869862,
7.0003416068071624],
[8.8001517996986323,
-5.201378417270675,
8.0012670074934586],
[8.9000237401481357,
-6.1002154908127286,
8.9999429260912542],
[9,
-7,
9.9996716809251929]],
"e":[[1,
2],
[2,
3],
[3,
4],
[4,
5],
[5,
6],
[6,
7],
[7,
8],
[8,
9],
[9,
10],
[10,
11]]},
{"id":3,
"xse":[[9,
2,
0],
[8,
-7,
10]],
"max_time":10,
"waypoints":1,
"seg_per_waypoint":10,
"segments":10,
"v":[[9,
2,
-6.264848814848193E-17],
[8.8999984951548061,
1.0999882431686752,
1.0000085055647956],
[8.7999985962448068,
0.2000010934986034,
1.9999900223784635],
[8.7000003825744443,
-0.69999284969560527,
2.9999791507260527],
[8.5999967668647379,
-1.6000088718705059,
3.9999942458910263],
[8.5000029358661546,
-2.4999679759615163,
4.9999475607088568],
[8.4000044787997119,
-3.3999417209798137,
5.99991856153083],
[8.2999637742010943,
-4.3003187319417391,
7.000339104961613],
[8.1999853919400145,
-5.200121470313511,
8.00012272709766],
[8.1000639112685153,
-6.0994207164670673,
8.9993477939392168],
[8,
-7,
9.9999960174206386]],
"e":[[1,
2],
[2,
3],
[3,
4],
[4,
5],
[5,
6],
[6,
7],
[7,
8],
[8,
9],
[9,
10],
[10,
11]]}]}