{"agents":[{"id":1,
"xse":[[8.5,
-5,
0],
[8.5,
6,
10]],
"max_time":10,
"waypoints":1,
"seg_per_waypoint":10,
"segments":10,
"v":[[8.5,
-5,
0],
[8.6051992009922085,
-5.0310153646491855,
0.25130199447305474],
[8.4763780038402317,
-4.8105359858791541,
0.46535537446161757],
[8.8290128678470179,
-4.7308163363317286,
0.76946116406860088],
[8.3874004034141922,
4.0581943437784576,
5.6352563614414048],
[8.37210672205605,
4.1571156557651188,
5.8936284226392521],
[8.4997786765377459,
4.3984232987819478,
6.1499095049489405],
[8.6013268064422181,
4.5188691510613506,
6.4546583741196244],
[8.55081899009668,
5.1466547564727794,
6.7291760560244507],
[8.4219685097864154,
5.7814346467388482,
6.885055039779493],
[8.5,
6,
7.4369728230244174]],
"e":[[1,
2],
[2,
3],
[3,
4],
[4,
5],
[5,
6],
[6,
7],
[7,
8],
[8,
9],
[9,
10],
[10,
11]]},
{"id":2,
"xse":[[8,
2,
0],
[9,
-7,
10]],
"max_time":10,
"waypoints":1,
"seg_per_waypoint":10,
"segments":10,
"v":[[8,
2,
0],
[8.1366999893898981,
0.40754427572112539,
0.84866629818333361],
[8.87281778203536,
-1.7313024176109457,
2.1519180011194359],
[8.2156896692945232,
-2.2514205253792818,
2.6568558959745872],
[8.44277923718039,
-2.6025063994011068,
3.1435680941410609],
[8.3714922446879338,
-3.2027932564573476,
3.5773187736225043],
[7.694880708542204,
-3.8760890294347856,
4.0324802963152813],
[8.0860329601167855,
-5.0354910225928133,
4.51938391942525],
[8.6834919507757338,
-5.212857409897218,
4.534096418713732],
[9.4487140802814462,
-6.3986561898199836,
4.8083903730287538],
[9,
-7,
5.1149696972296672]],
"e":[[1,
2],
[2,
3],
[3,
4],
[4,
5],
[5,
6],
[6,
7],
[7,
8],
[8,
9],
[9,
10],
[10,
11]]},
{"id":3,
"xse":[[9,
2,
0],
[8,
-7,
10]],
"max_time":10,
"waypoints":1,
"seg_per_waypoint":10,
"segments":10,
"v":[[9,
2,
0],
[8.63645050033143,
0.89735328924354674,
1.5412160858484933],
[8.5513398307431476,
-0.077722339109460886,
2.7277426480205484],
[8.7523035123198518,
-0.81987697519274982,
4.089982484736681],
[8.5688424237878049,
-1.5861187135288424,
5.0149842182233133],
[8.6613885258370527,
-2.5409131243869592,
5.6209129960618691],
[8.4587635639404,
-3.3404640489546176,
6.2466002567827417],
[8.2248421466130051,
-3.99760386880144,
6.9870873405772906],
[8.5284978037432175,
-5.1614101798633261,
7.4532693118892093],
[8.3614171038526,
-6.3169361072654713,
8.4121086841107466],
[8,
-7,
9.2882901153565367]],
"e":[[1,
2],
[2,
3],
[3,
4],
[4,
5],
[5,
6],
[6,
7],
[7,
8],
[8,
9],
[9,
10],
[10,
11]]}]}