{"path":[[0,
0,
-3.4048139258339395E-33],
[0.63580054471943948,
5.4826729630253752E-8,
0.19475065918269566],
[1.2429163905915477,
1.0871227117573418E-7,
0.38071495950666362],
[1.8582531272133351,
1.0185616905924866E-7,
0.56919737492744416],
[2.4482168009800214,
1.9743751374020918E-7,
0.74990783357537649],
[3.0863419206308809,
1.7142335068602309E-7,
0.945370518266719],
[3.7923749058006782,
2.2334227401538998E-7,
1.161633929303183],
[4.5527085817151063,
2.3883704198362987E-7,
1.3945300663322941],
[5.5854494372508583,
2.92073289314935E-7,
1.7108666552979668],
[7.4043332118133831,
1.9539935531067372E-7,
2.2680049385355381],
[10,
0,
3.063077879054815],
[8.3247425266281923,
1.1726800565869364,
3.6894504218986168],
[7.2207098361787185,
1.94550281014231,
4.10224420248733],
[6.2113397366079246,
2.6520617749325237,
4.4796440613494921],
[5.2574965362154371,
3.3197519127105393,
4.836282674918893],
[4.2928145159219264,
3.995029253784868,
5.1969739341477217],
[3.3627348972347106,
4.6460849534561515,
5.5447275220939369],
[2.5268061110169864,
5.2312351651929294,
5.857278502052977],
[1.7792390839048038,
5.7545322329124424,
6.1367914047449768],
[0.97005545434893869,
6.3209609422617543,
6.4393426308057915],
[0,
7,
6.8020434024243119],
[2.6985047653707985,
7.8095503907552475,
7.6650124905066468],
[4.5746013868048649,
8.372378738864656,
8.2649794211434582],
[5.7499493032210713,
8.7249828478145712,
8.64085032975061],
[6.4923166854736261,
8.947693008672541,
8.8782561707653276],
[7.1408027239820555,
9.14223885893252,
9.085639287091],
[7.7180235994081157,
9.3154053188570032,
9.2702321951644944],
[8.3094058314127626,
9.49282024019651,
9.4593539463916816],
[8.86874907118276,
9.66062364422184,
9.6382298431844049],
[9.41426991663952,
9.8242803412659168,
9.8126854773160925],
[10,
10,
9.9999999364594849]],
"thickness":0.5,
"stiffness":1}