{
    "name": "scene_2",
    "agents": {
        "agent1": {
            "id": 1,
            "xse": [
                [
                    44.99999972721245,
                    0.0,
                    0.0
                ],
                [
                    -44.99999972721245,
                    5.510910562756249e-15,
                    44.224002838134766
                ]
            ],
            "mesh": "agent",
            "animation_cycles": null,
            "friends": [],
            "radius": 0.75,
            "mass": 1,
            "energy_coefficients": {
                "K_agent": 1,
                "K_tol": 100,
                "K_accel": 0,
                "K_map": 0,
                "K_ke": 1,
                "K_pv": 0
            }
        },
        "agent2": {
            "id": 2,
            "xse": [
                [
                    -44.99999972721245,
                    5.510910562756249e-15,
                    0.0
                ],
                [
                    44.99999972721245,
                    -1.1021821125512499e-14,
                    44.224002838134766
                ]
            ],
            "mesh": "agent",
            "animation_cycles": null,
            "friends": [],
            "radius": 0.75,
            "mass": 1,
            "energy_coefficients": {
                "K_agent": 1,
                "K_tol": 100,
                "K_accel": 0,
                "K_map": 0,
                "K_ke": 1,
                "K_pv": 0
            }
        }
    },
    "obstacles": {},
    "terrain": {
        "mesh": "terrain.obj"
    }
}
