{"agents":[
{
"id":1,
"xse":[[9.375,
-9.375,
0],
[9.375,
9.375,
10]],
"max_time":10,
"waypoints":1,
"seg_per_waypoint":10,
"segments":10,
"v":[[9.375,
-9.375,
-2.7978646340531758E-33],
[9.4446764459933057,
-3.5550162750133234,
3.1046901561315088],
[9.4492976081490916,
-3.1707500796194825,
3.3097007955156186],
[9.4636143276118663,
-0.7619901456224133,
4.5957861516537326],
[9.4641524062183588,
-0.41330608727227119,
4.7820197327670257],
[9.4637145803904019,
0.43835072506293554,
5.2367442773918347],
[9.4505207945023,
2.0500874284476014,
6.0961855021445155],
[9.4446987632679846,
2.6071241566417434,
6.3930275580711671],
[9.4395205170123919,
3.1042821920750328,
6.6579424327224679],
[9.4265519123458912,
4.3630356049918415,
7.3288078268938284],
[9.375,
9.375,
9.9999990914464743]],
"radius":3,
"e":[[1,
2],
[2,
3],
[3,
4],
[4,
5],
[5,
6],
[6,
7],
[7,
8],
[8,
9],
[9,
10],
[10,
11]],
"rest_edge_lengths":[19.388904921049633,
15.451915914782228,
10.187308280404594,
4.9291860382825883,
4.459890693727818,
7.3197079859786758,
8.2417098499037209,
6.2985613436720627,
4.1842336529524848,
2.6831360126726067],
"rest_region_lengths":[0,
34.840820835831863,
25.63922419518682,
15.116494318687181,
9.3890767320104054,
11.779598679706494,
15.561417835882397,
14.540271193575784,
10.482794996624548,
6.8673696656250911],
"mesh": "elephant",
"animation_cycles": null,
"friends":[],
"mass":100},
{"id":2,
"xse":[[11.25,
7.5,
0],
[7.5,
-11.25,
10]],
"max_time":10,
"waypoints":1,
"seg_per_waypoint":10,
"segments":10,
"v":[[11.25,
7.5,
1.4444474582904269E-34],
[8.8196173946624938,
4.5955575687187338,
2.1108192144822771],
[7.0836012176728875,
2.5636811536012787,
3.5993122477698241],
[6.264220893990009,
1.2042353080902242,
4.40404888124329],
[6.0681942700921132,
-0.47690440888138169,
5.2537491871537174],
[6.31508959098024,
-3.1581390730554166,
6.5581170692933153],
[6.6063049222185422,
-5.1244036166574389,
7.415423506505852],
[6.75080006420851,
-6.0247981191475706,
7.7987996183011461],
[6.8269376476942494,
-6.5119351506218672,
8.003321748557541],
[6.9544391123358134,
-7.3678134878700439,
8.3658982386493665],
[7.5,
-11.25,
9.999944447819205]],
"radius":0.75,
"e":[[1,
2],
[2,
3],
[3,
4],
[4,
5],
[5,
6],
[6,
7],
[7,
8],
[8,
9],
[9,
10],
[10,
11]],
"rest_edge_lengths":[12.168894511211898,
7.2402952287872884,
2.7556759606310761,
4.9291860382825865,
5.6336738679124831,
8.8978578882785051,
11.926942320854915,
13.638861927869934,
15.718159780171469,
18.096610309323125],
"rest_region_lengths":[0,
19.409189739999185,
9.9959711894183645,
7.6848619989136626,
10.562859906195069,
14.531531756190988,
20.824800209133421,
25.565804248724849,
29.3570217080414,
33.814770089494594],
"mesh": "agent",
"animation_cycles": null,
"friends":[],
"mass":1},
{"id":3,
"xse":[[7.5,
7.5,
0],
[11.25,
-11.25,
10]],
"max_time":10,
"waypoints":1,
"seg_per_waypoint":10,
"segments":10,
"v":[[7.5,
7.5,
-2.1507765162825856E-20],
[6.7758331345883756,
3.7881040237111945,
1.5402155776189239],
[6.55337163843912,
2.6406959408957893,
2.0165334213808617],
[6.3416972923440795,
1.4486568669016837,
2.5267462024624168],
[6.1620532772195276,
0.073719795505078484,
3.1898617864375294],
[6.0739943460037917,
-2.2298734672808322,
4.3375841343716761],
[6.2937175364016733,
-3.0832628870494534,
4.7758194276940396],
[7.9732990644832755,
-5.9842110586477331,
6.5242632895353072],
[8.6689944519509456,
-7.1544441704123507,
7.2751168364007635],
[9.7328576944045153,
-8.899819187405642,
8.4172171889463279],
[11.25,
-11.25,
9.9998971444657041]],
"radius":0.75,
"e":[[1,
2],
[2,
3],
[3,
4],
[4,
5],
[5,
6],
[6,
7],
[7,
8],
[8,
9],
[9,
10],
[10,
11]],
"rest_edge_lengths":[8.3029655010189654,
4.0667178958521877,
2.7922884879610845,
1.3333333333333333,
5.5590266933859729,
9.5369347801062379,
11.942861652235802,
17.653395066137055,
18.136202152049421,
22.534694417719585],
"rest_region_lengths":[0,
12.369683396871153,
6.8590063838132718,
4.125621821294418,
6.8923600267193059,
15.09596147349221,
21.479796432342042,
29.596256718372857,
35.789597218186472,
40.670896569769006],
"mesh": "agent",
"animation_cycles": null,
"friends":[],
"mass":1
}
],
"coeff_matrix":[[1,
1,
1],
[10,
10,
10],
[1,
1,
1],
[0,
0,
0],
[1,
1,
1],
[0,
0,
0]]}