{
    "name": "scene_8",
    "agents": {
        "agent1": {
            "id": 1,
            "xse": [
                [
                    44.99999972721245,
                    0.0,
                    0.0
                ],
                [
                    -44.99999972721245,
                    5.510910562756249e-15,
                    44.224002838134766
                ]
            ],
            "mesh": "agent",
            "animation_cycles": null,
            "friends": [],
            "radius": 0.75,
            "mass": 1,
            "energy_coefficients": {
                "K_agent": 0,
                "K_tol": 100,
                "K_accel": 0,
                "K_map": 0,
                "K_ke": 1,
                "K_pv": 0
            }
        },
        "agent2": {
            "id": 2,
            "xse": [
                [
                    31.81980496050471,
                    31.819804960504708,
                    0.0
                ],
                [
                    -31.81980496050472,
                    -31.819804960504708,
                    44.224002838134766
                ]
            ],
            "mesh": "agent",
            "animation_cycles": null,
            "friends": [],
            "radius": 0.75,
            "mass": 1,
            "energy_coefficients": {
                "K_agent": 0,
                "K_tol": 100,
                "K_accel": 0,
                "K_map": 0,
                "K_ke": 1,
                "K_pv": 0
            }
        },
        "agent3": {
            "id": 3,
            "xse": [
                [
                    2.7554552813781247e-15,
                    44.99999972721245,
                    0.0
                ],
                [
                    -8.266365844134373e-15,
                    -44.99999972721245,
                    44.224002838134766
                ]
            ],
            "mesh": "agent",
            "animation_cycles": null,
            "friends": [],
            "radius": 0.75,
            "mass": 1,
            "energy_coefficients": {
                "K_agent": 0,
                "K_tol": 100,
                "K_accel": 0,
                "K_map": 0,
                "K_ke": 1,
                "K_pv": 0
            }
        },
        "agent4": {
            "id": 4,
            "xse": [
                [
                    -31.819804960504708,
                    31.81980496050471,
                    0.0
                ],
                [
                    31.819804960504708,
                    -31.81980496050472,
                    44.224002838134766
                ]
            ],
            "mesh": "agent",
            "animation_cycles": null,
            "friends": [],
            "radius": 0.75,
            "mass": 1,
            "energy_coefficients": {
                "K_agent": 0,
                "K_tol": 100,
                "K_accel": 0,
                "K_map": 0,
                "K_ke": 1,
                "K_pv": 0
            }
        },
        "agent5": {
            "id": 5,
            "xse": [
                [
                    -44.99999972721245,
                    5.510910562756249e-15,
                    0.0
                ],
                [
                    44.99999972721245,
                    -1.1021821125512499e-14,
                    44.224002838134766
                ]
            ],
            "mesh": "agent",
            "animation_cycles": null,
            "friends": [],
            "radius": 0.75,
            "mass": 1,
            "energy_coefficients": {
                "K_agent": 0,
                "K_tol": 100,
                "K_accel": 0,
                "K_map": 0,
                "K_ke": 1,
                "K_pv": 0
            }
        },
        "agent6": {
            "id": 6,
            "xse": [
                [
                    -31.81980496050472,
                    -31.819804960504708,
                    0.0
                ],
                [
                    31.81980496050472,
                    31.8198049605047,
                    44.224002838134766
                ]
            ],
            "mesh": "agent",
            "animation_cycles": null,
            "friends": [],
            "radius": 0.75,
            "mass": 1,
            "energy_coefficients": {
                "K_agent": 0,
                "K_tol": 100,
                "K_accel": 0,
                "K_map": 0,
                "K_ke": 1,
                "K_pv": 0
            }
        },
        "agent7": {
            "id": 7,
            "xse": [
                [
                    -8.266365844134373e-15,
                    -44.99999972721245,
                    0.0
                ],
                [
                    1.3777276406890623e-14,
                    44.99999972721245,
                    44.224002838134766
                ]
            ],
            "mesh": "agent",
            "animation_cycles": null,
            "friends": [],
            "radius": 0.75,
            "mass": 1,
            "energy_coefficients": {
                "K_agent": 0,
                "K_tol": 100,
                "K_accel": 0,
                "K_map": 0,
                "K_ke": 1,
                "K_pv": 0
            }
        },
        "agent8": {
            "id": 8,
            "xse": [
                [
                    31.819804960504708,
                    -31.81980496050472,
                    0.0
                ],
                [
                    -31.819804960504673,
                    31.819804960504747,
                    44.224002838134766
                ]
            ],
            "mesh": "agent",
            "animation_cycles": null,
            "friends": [],
            "radius": 0.75,
            "mass": 1,
            "energy_coefficients": {
                "K_agent": 0,
                "K_tol": 100,
                "K_accel": 0,
                "K_map": 0,
                "K_ke": 1,
                "K_pv": 0
            }
        }
    },
    "obstacles": {},
    "terrain": {
        "mesh": "terrain.obj"
    }
}
