{"agents":[{"id":1,
"xse":[[10,
0,
0],
[0,
10,
10]],
"max_time":10,
"waypoints":1,
"seg_per_waypoint":10,
"segments":10,
"v":[[10,
-2.1617795988306311E-20,
2.2720840034599041E-9],
[9.0141852002566711,
0.70370105274001626,
0.97007458880080055],
[8.0996063538497616,
1.3641026358538044,
1.8796818407439746],
[7.187184554883955,
2.0195739692658061,
2.7889399624159572],
[6.1885392693858288,
2.7520548960130227,
3.7799423855395644],
[4.9540202553501764,
3.64956434259315,
5.00791272326341],
[4.2793449537592032,
4.1940467681969356,
5.66958805415944],
[3.5583065795111248,
5.1129278404952423,
6.3893918721459446],
[2.9007999571504381,
6.0070813521946569,
7.0502316569466883],
[1.6934579267714178,
7.6660146190951366,
8.2709678236111728],
[-1.8978171465251881E-19,
10,
9.9858505701232279]],
"e":[[1,
2],
[2,
3],
[3,
4],
[4,
5],
[5,
6],
[6,
7],
[7,
8],
[8,
9],
[9,
10],
[10,
11]]},
{"id":2,
"xse":[[0,
0,
0],
[10,
10,
10]],
"max_time":10,
"waypoints":1,
"seg_per_waypoint":10,
"segments":10,
"v":[[7.8016672477210254E-19,
2.957361948165561E-19,
1.3678629222447151E-9],
[1.0336135809318052,
1.3568152652128469,
1.0208847464957425],
[1.6808592650392571,
2.2225284308739139,
1.664780038055035],
[2.2376497191500593,
2.9503181974132686,
2.21000526623486],
[2.9095749917585887,
3.8372091051787276,
2.8717038325382589],
[3.747229532360993,
4.9542777506736275,
3.7056758146901925],
[4.3054170412713146,
5.632758629237375,
4.2452386906664437],
[5.9719222922778457,
6.935812381380404,
5.9123769481082782],
[6.9175330784322142,
7.6524177975410383,
6.8715370168294347],
[8.4175474588089152,
8.7940644832215629,
8.3831452452540489],
[10,
10,
9.9744982920113188]],
"e":[[1,
2],
[2,
3],
[3,
4],
[4,
5],
[5,
6],
[6,
7],
[7,
8],
[8,
9],
[9,
10],
[10,
11]]}]}