{"agents":[{"id":1,
"xse":[[8.5,
-5,
0],
[8.5,
6,
10]],
"max_time":10,
"waypoints":1,
"seg_per_waypoint":10,
"segments":10,
"v":[[8.5,
-5,
-4.1676118214403392E-14],
[8.4887060346942871,
-4.1527997691436882,
0.75640471027666822],
[8.4762182142037563,
-3.3152331236971664,
1.5011181273703236],
[8.4649414274524357,
-2.407689125265208,
2.3083190611497453],
[8.4535241630165778,
-1.4055957937038095,
3.1878399899843703],
[8.5853103672729318,
-0.49977710312712975,
4.0084290782997689],
[8.57792039108265,
0.47907571850641223,
4.8991539386495448],
[8.56483189593907,
1.5818163269791174,
5.8957568221286936],
[8.54613183945838,
2.8591024713741557,
7.0427792743227116],
[8.5261240685940773,
4.273886171730239,
8.311272363830394],
[8.5,
6,
9.8589844907917321]],
"e":[[1,
2],
[2,
3],
[3,
4],
[4,
5],
[5,
6],
[6,
7],
[7,
8],
[8,
9],
[9,
10],
[10,
11]]},
{"id":2,
"xse":[[8,
2,
0],
[9,
-7,
10]],
"max_time":10,
"waypoints":1,
"seg_per_waypoint":10,
"segments":10,
"v":[[8,
2,
-3.88613690429008E-14],
[7.906015480013207,
1.4370831284490229,
0.70477371703832592],
[7.8200393044364969,
0.91494551203593666,
1.3567653179784567],
[7.7350938886579446,
0.40175192907756113,
1.9961812162749797],
[7.6107469848748055,
-0.34881720825522344,
2.9196142635765292],
[7.5114965771679545,
-0.94393581012968508,
3.643747904734592],
[7.6279656154132525,
-1.5084941670633272,
4.3195236268041768],
[7.9437161664534655,
-2.4392777856151979,
5.4252108006041526],
[8.3387765248478836,
-3.5659226290891941,
6.7546166529653755],
[8.75170351765716,
-4.8947400637098317,
8.15549569657149],
[9,
-7,
9.8926773935825079]],
"e":[[1,
2],
[2,
3],
[3,
4],
[4,
5],
[5,
6],
[6,
7],
[7,
8],
[8,
9],
[9,
10],
[10,
11]]},
{"id":3,
"xse":[[9,
2,
0],
[8,
-7,
10]],
"max_time":10,
"waypoints":1,
"seg_per_waypoint":10,
"segments":10,
"v":[[9,
2,
-7.6126342833601452E-10],
[9.1134527303232478,
1.2286018342009317,
0.7325513639966349],
[9.2215100503320233,
0.4927076668240194,
1.4347737029754981],
[9.3226290499934716,
-0.1906777701866133,
2.0856866517225687],
[9.418071791457411,
-0.826654965932188,
2.6936807699258578],
[9.4714344720848409,
-1.4382098819511511,
3.2745839452101331],
[9.18406555806252,
-2.4249211441875436,
4.2461776330967238],
[8.8893224203348975,
-3.4944182663160523,
5.2928218568640357],
[8.5360371474151684,
-4.8036801736505828,
6.571995676796762],
[8.1910668091225851,
-5.9086474718284716,
7.8279199424381547],
[8,
-7,
9.4519605222208032]],
"e":[[1,
2],
[2,
3],
[3,
4],
[4,
5],
[5,
6],
[6,
7],
[7,
8],
[8,
9],
[9,
10],
[10,
11]]}]}