{"agents":[{"id":1,
"xse":[[8.5,
-5,
0],
[8.5,
6,
10]],
"max_time":10,
"waypoints":1,
"seg_per_waypoint":20,
"segments":20,
"v":[[8.5,
-5,
-2.5039494084213777E-16],
[8.5831148628931757,
-4.55230303613253,
0.42696540091228535],
[8.6636032844943713,
-4.1165920159661331,
0.839479835464579],
[8.7284214670427556,
-3.7619850933294554,
1.1731439711086329],
[8.7977142877042152,
-3.3961609469085783,
1.5193291311376298],
[8.8717820326339645,
-2.9813838737211227,
1.9119443321808376],
[8.9580704210990429,
-2.5236604985880944,
2.3422399952400483],
[9.04750500213059,
-2.0516628232185226,
2.7839316751883181],
[9.1381370169015259,
-1.5155191959281673,
3.2835712438750266],
[9.1910485837025266,
-1.0187479409182418,
3.7396689406281851],
[9.1872395974404775,
-0.49651174529227537,
4.2091485524264378],
[9.12418745566032,
0.097207638873626226,
4.7324831924989637],
[9.0614417876120079,
0.69024152293134822,
5.25030136079829],
[8.9938165303346143,
1.3082414815931966,
5.7890938808850505],
[8.92406558846153,
1.9674039411169675,
6.3642875443618445],
[8.84761856983808,
2.666642352125,
6.97305572144983],
[8.771371105233829,
3.3795618951954611,
7.5939839516881911],
[8.6969702360450238,
4.0971502282318761,
8.2193110633228414],
[8.62812625348674,
4.7705647524570507,
8.8045186077026987],
[8.56637360829319,
5.3853106955744448,
9.345508331211315],
[8.5,
6,
9.8830535463803315]],
"e":[[1,
2],
[2,
3],
[3,
4],
[4,
5],
[5,
6],
[6,
7],
[7,
8],
[8,
9],
[9,
10],
[10,
11],
[11,
12],
[12,
13],
[13,
14],
[14,
15],
[15,
16],
[16,
17],
[17,
18],
[18,
19],
[19,
20],
[20,
21]]},
{"id":2,
"xse":[[8,
2,
0],
[9,
-7,
10]],
"max_time":10,
"waypoints":1,
"seg_per_waypoint":20,
"segments":20,
"v":[[7.9999964101543251,
2.0000002281188403,
-4.3484226184321971E-6],
[7.9657065983230737,
1.6268631137050811,
0.33288179090090886],
[7.9456401261222842,
1.238734951896036,
0.6758705296716836],
[7.9333371218214594,
0.85203412639689324,
1.0215506076956375],
[7.9301454526975688,
0.45503774925049173,
1.3773324729673821],
[7.9368749595791375,
0.060258744547857575,
1.7341690018045428],
[7.9559694921951785,
-0.34837834604196688,
2.1090441908519475],
[7.9929758843358831,
-0.74710787689575842,
2.4820928696565878],
[8.03819147575739,
-1.0898652361007144,
2.8256655911155875],
[8.1032266738821441,
-1.5173444249336168,
3.2737953820253796],
[8.1913573599451812,
-1.9626360345621632,
3.7535875858184267],
[8.2908538105596215,
-2.3802378817658867,
4.2110175262627143],
[8.3946965843740777,
-2.8389595669321639,
4.7302159324174218],
[8.4985981083433764,
-3.3169096357752244,
5.2744582695585258],
[8.593001057620123,
-3.8094372296484442,
5.8619998238795086],
[8.68752089493837,
-4.3235508178582176,
6.4880831435161115],
[8.77560342140413,
-4.849832657541314,
7.1279003242811427],
[8.8664469809176634,
-5.4412677735367456,
7.8451052030134312],
[8.9247667056623037,
-6.0057867620854877,
8.5488704573533152],
[8.9639889462489588,
-6.4975406563912079,
9.1662297435654949],
[9,
-7,
9.7934040803851659]],
"e":[[1,
2],
[2,
3],
[3,
4],
[4,
5],
[5,
6],
[6,
7],
[7,
8],
[8,
9],
[9,
10],
[10,
11],
[11,
12],
[12,
13],
[13,
14],
[14,
15],
[15,
16],
[16,
17],
[17,
18],
[18,
19],
[19,
20],
[20,
21]]},
{"id":3,
"xse":[[9,
2,
0],
[8,
-7,
10]],
"max_time":10,
"waypoints":1,
"seg_per_waypoint":20,
"segments":20,
"v":[[9.0000011527143062,
1.9999998313446881,
2.8690742012526773E-7],
[8.9730432370091311,
1.7556364291158315,
0.38301284477635927],
[8.9276909330517924,
1.5039087898987231,
0.77140254175842182],
[8.869558455191985,
1.2563632691039694,
1.1554501429577471],
[8.8050483777663349,
0.99650014696407507,
1.5519165211236348],
[8.7232972459716187,
0.72775657369253155,
1.9555444795468111],
[8.63497406837605,
0.45185670117703025,
2.3629923897629896],
[8.5231009418194414,
0.15622291807088012,
2.7844310632219247],
[8.38137861766947,
-0.18224631011655409,
3.2353948251773423],
[8.2364556875228825,
-0.5396337837318812,
3.6767790273591618],
[8.1512141241562119,
-0.92318608426817139,
4.1011466491928275],
[8.11107359396203,
-1.3511321186191292,
4.5606588021260146],
[8.0545317554030227,
-1.9351100658314437,
5.1650056990258859],
[8.0147678315547939,
-2.4774673446497952,
5.7021838909583682],
[7.9869853385217464,
-3.0543446760630477,
6.2498395805599714],
[7.9647089036308412,
-3.6739575741213031,
6.8304901110830043],
[7.9487809628922781,
-4.302377137433143,
7.4102589405278234],
[7.9362934830455467,
-4.9989044922712838,
8.0541189856017574],
[7.9444684931523826,
-5.7087122347530714,
8.7008699080637388],
[7.9734309776980936,
-6.3961811296044386,
9.32322129604425],
[8,
-7,
9.8719961526769051]],
"e":[[1,
2],
[2,
3],
[3,
4],
[4,
5],
[5,
6],
[6,
7],
[7,
8],
[8,
9],
[9,
10],
[10,
11],
[11,
12],
[12,
13],
[13,
14],
[14,
15],
[15,
16],
[16,
17],
[17,
18],
[18,
19],
[19,
20],
[20,
21]]}]}