{
	"agents":{"id":1,
				"xse":[[44.999999727212447,0,0],
						[-44.999999727212447,5.5109105627562494E-15, 44.224002838134766]],
"max_time":44.224002838134766,
"waypoints":1,
"seg_per_waypoint":50,
"segments":50,
"v":[[43.749996,
0,
0],
[40.624996,
0,
0.2],
[37.499996,
0,
0.30000000000000004],
[34.374997,
0,
0.4],
[31.249998,
0,
0.5],
[28.124998,
0,
0.60000000000000009],
[24.999998,
0,
0.70000000000000007],
[21.874998,
0,
0.8],
[18.749998,
0,
0.9],
[15.6249985,
0,
1],
[12.499999,
0,
1.1],
[9.3749995000000013,
0,
1.2000000000000002],
[6.25,
0,
1.3],
[3.125,
0,
1.4000000000000001],
[0,
0,
1.5],
[0,
0,
3.9275790967439348],
[0,
0,
6.35515819348787],
[0,
0,
7.618947741859837],
[0,
0,
8.8827372902318054],
[0,
0,
11.310316386975739],
[0,
0,
13.737895483719674],
[0,
0,
16.165474580463609],
[0,
0,
18.593053677207546],
[0,
0,
21.020632773951476],
[0,
0,
23.448211870695413],
[0,
0,
25.87579096743935],
[0,
0,
27.139580515811318],
[0,
0,
28.403370064183289],
[0,
0,
30.830949160927219],
[0,
0,
33.258528257671159],
[0,
0,
35.686107354415093],
[0,
0,
38.113686451159026],
[0,
0,
40.541265547902952],
[0,
0,
41.80505509627492],
[0,
0,
43.068844644646894],
[0,
0,
45.496423741390828],
[0,
0,
46.7602132897628],
[0,
0,
48.024002838134763],
[-3.125,
0,
48.124002838134764],
[-6.25,
0,
48.224002838134766],
[-9.3749995000000013,
0,
48.324002838134767],
[-12.499999,
0,
48.424002838134768],
[-15.6249985,
0,
48.524002838134763],
[-18.749998,
0,
48.624002838134764],
[-21.874998,
0,
48.724002838134766],
[-24.999998,
0,
48.824002838134767],
[-28.124998,
0,
48.924002838134768],
[-31.249998,
0,
49.024002838134763],
[-34.374997,
0,
49.124002838134764],
[-37.499996,
0,
49.224002838134766],
[-43.749996,
0,
49.324002838134767]],
"radius":0.75,
"mass":1,
"friends":[],
"mesh":"agent",
"animation_cycles":[],
"e":[[1,
2],
[2,
3],
[3,
4],
[4,
5],
[5,
6],
[6,
7],
[7,
8],
[8,
9],
[9,
10],
[10,
11],
[11,
12],
[12,
13],
[13,
14],
[14,
15],
[15,
16],
[16,
17],
[17,
18],
[18,
19],
[19,
20],
[20,
21],
[21,
22],
[22,
23],
[23,
24],
[24,
25],
[25,
26],
[26,
27],
[27,
28],
[28,
29],
[29,
30],
[30,
31],
[31,
32],
[32,
33],
[33,
34],
[34,
35],
[35,
36],
[36,
37],
[37,
38],
[38,
39],
[39,
40],
[40,
41],
[41,
42],
[42,
43],
[43,
44],
[44,
45],
[45,
46],
[46,
47],
[47,
48],
[48,
49],
[49,
50],
[50,
51]],
"rest_edge_lengths":[61.80962648811294,
57.325921077641944,
52.843400930958573,
48.362397161948245,
43.88337244788746,
39.40700004821489,
34.934301598858511,
30.466895207749808,
26.00750806738332,
21.561117351032731,
17.137840420397264,
12.761733989744528,
8.5059170581425256,
4.70870205045934,
3.9275790967439348,
6.35515819348787,
7.618947741859837,
8.8827372902318054,
11.310316386975739,
13.737895483719674,
16.165474580463609,
18.593053677207546,
21.020632773951476,
23.448211870695413,
25.87579096743935,
27.139580515811318,
28.403370064183289,
30.830949160927219,
33.258528257671159,
35.686107354415093,
38.113686451159026,
40.541265547902952,
41.80505509627492,
43.068844644646894,
45.496423741390828,
46.7602132897628,
48.024002838134763,
48.225359243501778,
51.538833344098627,
55.019541143594992,
58.637708931912655,
62.369418766056143,
66.195470939843332,
70.10041967851987,
74.071788705353839,
78.099445740136687,
82.175114650498188,
86.291992701979552,
90.4444515237749,
94.782482422884684],
"rest_region_lengths":[0,
119.13554756575488,
110.16932200860052,
101.20579809290682,
92.2457696098357,
83.29037249610235,
74.341301647073408,
65.401196806608311,
56.474403275133128,
47.568625418416048,
38.698957771429995,
29.899574410141792,
21.267651047887053,
13.214619108601866,
8.6362811472032757,
10.282737290231804,
13.974105935347707,
16.501685032091643,
20.193053677207544,
25.048211870695411,
29.903370064183285,
34.758528257671159,
39.613686451159026,
44.468844644646893,
49.32400283813476,
53.015371483250668,
55.54295057999461,
59.234319225110511,
64.089477418598378,
68.944635612086245,
73.799793805574126,
78.654951999061979,
82.346320644177865,
84.873899740921814,
88.565268386037729,
92.25663703115363,
94.784216127897565,
96.249362081636548,
99.7641925876004,
106.55837448769361,
113.65725007550765,
121.0071276979688,
128.56488970589947,
136.29589061836322,
144.17220838387371,
152.17123444549054,
160.27456039063486,
168.46710735247774,
176.73644422575444,
185.22693394665959],
"bvh":{"B":[[0,
2,
75,
1,
52],
[1,
3,
24,
1,
38],
[2,
4,
15,
1,
12],
[3,
5,
10,
1,
7],
[4,
6,
9,
1,
4],
[5,
7,
8,
1,
3],
[6,
0,
0,
1,
2],
[6,
0,
0,
2,
3],
[5,
0,
0,
3,
4],
[4,
11,
14,
4,
7],
[10,
12,
13,
4,
6],
[11,
0,
0,
4,
5],
[11,
0,
0,
5,
6],
[10,
0,
0,
6,
7],
[3,
16,
21,
7,
12],
[15,
17,
20,
7,
10],
[16,
18,
19,
7,
9],
[17,
0,
0,
7,
8],
[17,
0,
0,
8,
9],
[16,
0,
0,
9,
10],
[15,
22,
23,
10,
12],
[21,
0,
0,
10,
11],
[21,
0,
0,
11,
12],
[2,
25,
38,
12,
38],
[24,
26,
31,
12,
19],
[25,
27,
28,
12,
15],
[26,
0,
0,
12,
13],
[26,
29,
30,
13,
15],
[28,
0,
0,
13,
14],
[28,
0,
0,
14,
15],
[25,
32,
35,
15,
19],
[31,
33,
34,
15,
17],
[32,
0,
0,
15,
16],
[32,
0,
0,
16,
17],
[31,
36,
37,
17,
19],
[35,
0,
0,
17,
18],
[35,
0,
0,
18,
19],
[24,
39,
50,
19,
38],
[38,
40,
45,
19,
25],
[39,
41,
44,
19,
22],
[40,
42,
43,
19,
21],
[41,
0,
0,
19,
20],
[41,
0,
0,
20,
21],
[40,
0,
0,
21,
22],
[39,
46,
49,
22,
25],
[45,
47,
48,
22,
24],
[46,
0,
0,
22,
23],
[46,
0,
0,
23,
24],
[45,
0,
0,
24,
25],
[38,
51,
58,
25,
38],
[50,
52,
55,
25,
29],
[51,
53,
54,
25,
27],
[52,
0,
0,
25,
26],
[52,
0,
0,
26,
27],
[51,
56,
57,
27,
29],
[55,
0,
0,
27,
28],
[55,
0,
0,
28,
29],
[50,
59,
66,
29,
38],
[58,
60,
63,
29,
33],
[59,
61,
62,
29,
31],
[60,
0,
0,
29,
30],
[60,
0,
0,
30,
31],
[59,
64,
65,
31,
33],
[63,
0,
0,
31,
32],
[63,
0,
0,
32,
33],
[58,
67,
70,
33,
38],
[66,
68,
69,
33,
35],
[67,
0,
0,
33,
34],
[67,
0,
0,
34,
35],
[66,
71,
74,
35,
38],
[70,
72,
73,
35,
37],
[71,
0,
0,
35,
36],
[71,
0,
0,
36,
37],
[70,
0,
0,
37,
38],
[1,
76,
89,
38,
52],
[75,
77,
84,
38,
45],
[76,
78,
81,
38,
42],
[77,
79,
80,
38,
40],
[78,
0,
0,
38,
39],
[78,
0,
0,
39,
40],
[77,
82,
83,
40,
42],
[81,
0,
0,
40,
41],
[81,
0,
0,
41,
42],
[76,
85,
88,
42,
45],
[84,
86,
87,
42,
44],
[85,
0,
0,
42,
43],
[85,
0,
0,
43,
44],
[84,
0,
0,
44,
45],
[75,
90,
97,
45,
52],
[89,
91,
94,
45,
49],
[90,
92,
93,
45,
47],
[91,
0,
0,
45,
46],
[91,
0,
0,
46,
47],
[90,
95,
96,
47,
49],
[94,
0,
0,
47,
48],
[94,
0,
0,
48,
49],
[89,
98,
101,
49,
52],
[97,
99,
100,
49,
51],
[98,
0,
0,
49,
50],
[98,
0,
0,
50,
51],
[97,
0,
0,
51,
52]],
"I":[15,
16,
17,
18,
19,
20,
21,
22,
23,
24,
25,
51,
50,
49,
48,
47,
46,
45,
26,
27,
28,
29,
30,
31,
44,
43,
42,
41,
32,
33,
34,
35,
40,
39,
36,
37,
38,
14,
13,
12,
11,
10,
9,
8,
7,
6,
5,
4,
3,
2,
1]}},
"coeff_matrix":[0,
100,
0,
0,
1,
0]}