{
    "name": "scene_10",
    "agents": {
        "agent1": {
            "id": 1,
            "xse": [
                [
                    44.99999972721245,
                    0.0,
                    0.0
                ],
                [
                    -44.99999972721245,
                    5.510910562756249e-15,
                    44.224002838134766
                ]
            ],
            "mesh": "agent",
            "animation_cycles": null,
            "friends": [],
            "radius": 0.75,
            "mass": 1,
            "energy_coefficients": {
                "K_agent": 0,
                "K_tol": 100,
                "K_accel": 0,
                "K_map": 0,
                "K_ke": 1,
                "K_pv": 0
            }
        },
        "agent2": {
            "id": 2,
            "xse": [
                [
                    36.40576452618287,
                    26.450336192820792,
                    0.0
                ],
                [
                    -36.40576452618287,
                    -26.450336192820785,
                    44.224002838134766
                ]
            ],
            "mesh": "agent",
            "animation_cycles": null,
            "friends": [],
            "radius": 0.75,
            "mass": 1,
            "energy_coefficients": {
                "K_agent": 0,
                "K_tol": 100,
                "K_accel": 0,
                "K_map": 0,
                "K_ke": 1,
                "K_pv": 0
            }
        },
        "agent3": {
            "id": 3,
            "xse": [
                [
                    13.905764662576646,
                    42.79754297384553,
                    0.0
                ],
                [
                    -13.905764662576651,
                    -42.79754297384553,
                    44.224002838134766
                ]
            ],
            "mesh": "agent",
            "animation_cycles": null,
            "friends": [],
            "radius": 0.75,
            "mass": 1,
            "energy_coefficients": {
                "K_agent": 0,
                "K_tol": 100,
                "K_accel": 0,
                "K_map": 0,
                "K_ke": 1,
                "K_pv": 0
            }
        },
        "agent4": {
            "id": 4,
            "xse": [
                [
                    -13.90576466257664,
                    42.79754297384554,
                    0.0
                ],
                [
                    13.905764662576635,
                    -42.79754297384554,
                    44.224002838134766
                ]
            ],
            "mesh": "agent",
            "animation_cycles": null,
            "friends": [],
            "radius": 0.75,
            "mass": 1,
            "energy_coefficients": {
                "K_agent": 0,
                "K_tol": 100,
                "K_accel": 0,
                "K_map": 0,
                "K_ke": 1,
                "K_pv": 0
            }
        },
        "agent5": {
            "id": 5,
            "xse": [
                [
                    -36.405764526182864,
                    26.450336192820796,
                    0.0
                ],
                [
                    36.405764526182864,
                    -26.450336192820796,
                    44.224002838134766
                ]
            ],
            "mesh": "agent",
            "animation_cycles": null,
            "friends": [],
            "radius": 0.75,
            "mass": 1,
            "energy_coefficients": {
                "K_agent": 0,
                "K_tol": 100,
                "K_accel": 0,
                "K_map": 0,
                "K_ke": 1,
                "K_pv": 0
            }
        },
        "agent6": {
            "id": 6,
            "xse": [
                [
                    -44.99999972721245,
                    5.510910562756249e-15,
                    0.0
                ],
                [
                    44.99999972721245,
                    -1.1021821125512499e-14,
                    44.224002838134766
                ]
            ],
            "mesh": "agent",
            "animation_cycles": null,
            "friends": [],
            "radius": 0.75,
            "mass": 1,
            "energy_coefficients": {
                "K_agent": 0,
                "K_tol": 100,
                "K_accel": 0,
                "K_map": 0,
                "K_ke": 1,
                "K_pv": 0
            }
        },
        "agent7": {
            "id": 7,
            "xse": [
                [
                    -36.40576452618287,
                    -26.450336192820785,
                    0.0
                ],
                [
                    36.40576452618287,
                    26.45033619282078,
                    44.224002838134766
                ]
            ],
            "mesh": "agent",
            "animation_cycles": null,
            "friends": [],
            "radius": 0.75,
            "mass": 1,
            "energy_coefficients": {
                "K_agent": 0,
                "K_tol": 100,
                "K_accel": 0,
                "K_map": 0,
                "K_ke": 1,
                "K_pv": 0
            }
        },
        "agent8": {
            "id": 8,
            "xse": [
                [
                    -13.905764662576651,
                    -42.79754297384553,
                    0.0
                ],
                [
                    13.905764662576658,
                    42.79754297384552,
                    44.224002838134766
                ]
            ],
            "mesh": "agent",
            "animation_cycles": null,
            "friends": [],
            "radius": 0.75,
            "mass": 1,
            "energy_coefficients": {
                "K_agent": 0,
                "K_tol": 100,
                "K_accel": 0,
                "K_map": 0,
                "K_ke": 1,
                "K_pv": 0
            }
        },
        "agent9": {
            "id": 9,
            "xse": [
                [
                    13.905764662576635,
                    -42.79754297384554,
                    0.0
                ],
                [
                    -13.905764662576631,
                    42.79754297384554,
                    44.224002838134766
                ]
            ],
            "mesh": "agent",
            "animation_cycles": null,
            "friends": [],
            "radius": 0.75,
            "mass": 1,
            "energy_coefficients": {
                "K_agent": 0,
                "K_tol": 100,
                "K_accel": 0,
                "K_map": 0,
                "K_ke": 1,
                "K_pv": 0
            }
        },
        "agent10": {
            "id": 10,
            "xse": [
                [
                    36.405764526182864,
                    -26.450336192820796,
                    0.0
                ],
                [
                    -36.40576452618286,
                    26.4503361928208,
                    44.224002838134766
                ]
            ],
            "mesh": "agent",
            "animation_cycles": null,
            "friends": [],
            "radius": 0.75,
            "mass": 1,
            "energy_coefficients": {
                "K_agent": 0,
                "K_tol": 100,
                "K_accel": 0,
                "K_map": 0,
                "K_ke": 1,
                "K_pv": 0
            }
        }
    },
    "obstacles": {},
    "terrain": {
        "mesh": "terrain.obj"
    }
}
