{"agents":[{"id":1,
"xse":[[10,
0,
0],
[0,
10,
10]],
"max_time":10,
"waypoints":1,
"seg_per_waypoint":100,
"segments":100,
"v":[[10,
9.0063252540206937E-21,
-8.4498151039315336E-18],
[9.8996332578141484,
0.10037003474045465,
0.10036434408499655],
[9.7993498261180889,
0.20065196687147083,
0.20062510597592667],
[9.6995563172550217,
0.30043814225492332,
0.30038494760082352],
[9.599731416160564,
0.40025992701131052,
0.40018805709717165],
[9.49983556535058,
0.5001525489618277,
0.50007441451247869],
[9.39982175358667,
0.60016824263455149,
0.60007055189663383],
[9.2999722354710563,
0.70001419729646841,
0.69988647247947722],
[9.2001419039399259,
0.79983856168125467,
0.79969248031478712],
[9.1004260871445677,
0.89954375375870343,
0.89939865112605744],
[9.000530515179145,
0.99943418773744563,
0.99929715770936056],
[8.9002507578396486,
1.0997174116464046,
1.0995658477293808],
[8.8000941352017534,
1.199878465598631,
1.1997060254127443],
[8.6995171791030632,
1.3004560795194693,
1.3002505509680715],
[8.59938088592219,
1.4005836461868297,
1.4003520389318387],
[8.4995928725540164,
1.5003670152582325,
1.5001024368983702],
[8.3994469386235462,
1.6005128155868584,
1.6002185914431752],
[8.2994675981072081,
1.7004994142909868,
1.7001722806406252],
[8.20018787909375,
1.7997797703035976,
1.799431135597048],
[8.10004953594629,
1.8999099876075454,
1.8995552554985164],
[7.9999405485652426,
2.0000082329754791,
1.9996479397009241],
[7.9002042458921959,
2.0997431051008113,
2.0993810772957393],
[7.7998032610175976,
2.2001543440923759,
2.1997816315603695],
[7.7000703101633388,
2.2998959027008778,
2.2995280621111251],
[7.6003077221023769,
2.3996490628374336,
2.3992811200162629],
[7.49941636407471,
2.5005262360687159,
2.5001555996037022],
[7.3998240112457854,
2.6001151676633918,
2.5997157985795338],
[7.299335495912544,
2.7006186737362885,
2.700170072080502],
[7.19989192444364,
2.8000667808271955,
2.7995636533570143],
[7.0995833917133915,
2.9003672658880659,
2.8998281640375545],
[7.0000594553951512,
2.9998793902872882,
2.999327621898924],
[6.9000089920773169,
3.0999314027453782,
3.0993700426105324],
[6.7995618932770023,
3.2003840251414903,
3.1998080846025787],
[6.6992653975019039,
3.3006818572631356,
3.3000727764785966],
[6.600013994612179,
3.3999338576774063,
3.399289491075058],
[6.4999775558176456,
3.499963825809191,
3.4992990801593962],
[6.4000048233064346,
3.5999348809391014,
3.5992798266734467],
[6.29968566165564,
3.7002528261105243,
3.6996142525155853],
[6.1994179069465671,
3.8005285872583037,
3.7998891458680166],
[6.0998515443837391,
3.9001012557350094,
3.89943879601077],
[5.9999294435701414,
4.0000180831481238,
3.9993373805749832],
[5.8996746861436371,
4.1002638151996695,
4.0995607995112184],
[5.79991647234208,
4.2000146932012576,
4.1992782879837538],
[5.6997309714130378,
4.3002148380261911,
4.2994212008424855],
[5.5993842205182816,
4.40056800064123,
4.3997314256907325],
[5.4997172383823685,
4.5002316147880883,
4.4993758086332942],
[5.3998058661102668,
4.6001255278980313,
4.5992685257488937],
[5.2998166421388957,
4.7001154338688416,
4.6992356348915685],
[5.1994808058533417,
4.8004661096826355,
4.7995498593003827],
[5.0994192337082511,
4.9005297175079585,
4.8995918188338594],
[4.9997790513925624,
5.0001645205702987,
4.9992258381466259],
[4.899850604041676,
5.10007875583887,
5.0991382002288272],
[4.7998124202504862,
5.2001212143902737,
5.1991448924485857],
[4.6994434910379752,
5.3005011323591287,
5.299471256527597],
[4.5993732267893312,
5.4005821985867044,
5.3994996573175982],
[4.4996020649061323,
5.5003433271883724,
5.4992272832669249],
[4.3998686753676086,
5.6000575854334809,
5.59890645423596],
[4.2998737278451262,
5.7000595722135206,
5.6988621080451258],
[4.1995992114950846,
5.8003579619444094,
5.7990992565521706],
[4.0993486772028094,
5.90061423207794,
5.8993127482009715],
[3.9993886738507962,
6.0005477914766905,
5.999236202820672],
[3.8996160212329873,
6.1003125645179335,
6.0990029710320233],
[3.7995809607341662,
6.2003660940816623,
6.1990501465651349],
[3.6995842712613292,
6.3003768985707049,
6.2990530182964619],
[3.5996451922025074,
6.4003036061784453,
6.3989900168718847],
[3.4992655975216032,
6.5006746536675246,
6.4993801202329342],
[3.3993645798283652,
6.6005811688505052,
6.599315083937932],
[3.2996342217300105,
6.7003194513792446,
6.6990954818239938],
[3.1996847374133481,
6.8002626203858165,
6.7990952079839158],
[3.099958423458554,
6.8999928394007046,
6.8988628088792252],
[2.999585153315464,
7.0003711136874385,
6.9992516049315636],
[2.8997163211697918,
7.1002397702728821,
7.0991291650315649],
[2.7998562031531824,
7.2000908080129209,
7.1990042106423324],
[2.6993763193162006,
7.3005731539417456,
7.2995119538540214],
[2.5994117998083377,
7.4005492245211668,
7.3994963742292228],
[2.4994811143698965,
7.5004821572355524,
7.49943451280228],
[2.399950944587391,
7.6000013509172639,
7.59896891970387],
[2.2998159609867215,
7.7001347934617748,
7.6991142009134848],
[2.1997423555734139,
7.8002144061088075,
7.7991818090381422],
[2.0992987080693721,
7.9006651222338027,
7.8996006889990351],
[1.9995564643017985,
8.0004002314715557,
7.9993115798313879],
[1.8994571018710367,
8.1004991698315614,
8.0993958398051635],
[1.799517220915162,
8.2004385347560653,
8.1993250022689139],
[1.6994701311191016,
8.3004895089792861,
8.299361303543078],
[1.5994673516491154,
8.4004983520654761,
8.399363804657737],
[1.4991895366952934,
8.500786818257744,
8.4996567450966509],
[1.3993517253325449,
8.6006298615469063,
8.5995068991561254],
[1.2996473954514516,
8.7003263357508978,
8.6991961461838372],
[1.1999160250932677,
8.80005704210892,
8.7988961596869828],
[1.0998797086621162,
8.9001019346877328,
8.89888927692069],
[0.999857204309298,
9.0001298237575575,
8.9988545929158832],
[0.90049314454378371,
9.0994891150201731,
9.0981530317136379],
[0.80097813347848867,
9.19900104949732,
9.1976224697273334],
[0.70062300814524159,
9.299361865896552,
9.2979827282672964],
[0.59979044496039258,
9.40020514167162,
9.3988725089989078],
[0.49878977634582261,
9.5012136041037589,
9.4999590756594774],
[0.39868455805391195,
9.6013278750835021,
9.6001673670758212],
[0.29902313675910441,
9.7009842477111512,
9.6999464703083156],
[0.19909260573179632,
9.8009039147845787,
9.80001476664462],
[0.0989254781799462,
9.9010636618989256,
9.9003285718970755],
[-9.1077518565306716E-20,
10,
9.9994025237823969]],
"e":[[1,
2],
[2,
3],
[3,
4],
[4,
5],
[5,
6],
[6,
7],
[7,
8],
[8,
9],
[9,
10],
[10,
11],
[11,
12],
[12,
13],
[13,
14],
[14,
15],
[15,
16],
[16,
17],
[17,
18],
[18,
19],
[19,
20],
[20,
21],
[21,
22],
[22,
23],
[23,
24],
[24,
25],
[25,
26],
[26,
27],
[27,
28],
[28,
29],
[29,
30],
[30,
31],
[31,
32],
[32,
33],
[33,
34],
[34,
35],
[35,
36],
[36,
37],
[37,
38],
[38,
39],
[39,
40],
[40,
41],
[41,
42],
[42,
43],
[43,
44],
[44,
45],
[45,
46],
[46,
47],
[47,
48],
[48,
49],
[49,
50],
[50,
51],
[51,
52],
[52,
53],
[53,
54],
[54,
55],
[55,
56],
[56,
57],
[57,
58],
[58,
59],
[59,
60],
[60,
61],
[61,
62],
[62,
63],
[63,
64],
[64,
65],
[65,
66],
[66,
67],
[67,
68],
[68,
69],
[69,
70],
[70,
71],
[71,
72],
[72,
73],
[73,
74],
[74,
75],
[75,
76],
[76,
77],
[77,
78],
[78,
79],
[79,
80],
[80,
81],
[81,
82],
[82,
83],
[83,
84],
[84,
85],
[85,
86],
[86,
87],
[87,
88],
[88,
89],
[89,
90],
[90,
91],
[91,
92],
[92,
93],
[93,
94],
[94,
95],
[95,
96],
[96,
97],
[97,
98],
[98,
99],
[99,
100],
[100,
101]]},
{"id":2,
"xse":[[0,
0,
0],
[10,
10,
10]],
"max_time":10,
"waypoints":1,
"seg_per_waypoint":100,
"segments":100,