{"agents":[{"id":1,
"xse":[[44.999999727212447,
0,
0],
[-44.999999727212447,
5.5109105627562494E-15,
44.224002838134766]],
"max_time":44.224002838134766,
"waypoints":1,
"seg_per_waypoint":50,
"segments":50,
"v":[[44.999999727212447,
1.9906171289446555E-19,
-7.57592353021289E-18],
[43.547661115626966,
-0.016274892164692058,
0.72588681977595015],
[42.102467634516422,
-0.032469716026384036,
1.4483448488883708],
[40.6572666733274,
-0.048664623730440892,
2.1708064623767833],
[39.212065869833985,
-0.06485952966738541,
2.8932679972425066],
[37.766864398097368,
-0.081054443092660258,
3.6157298507866926],
[36.321662963957259,
-0.097249356096627687,
4.3381916854491456],
[34.876461587147773,
-0.11344426845814837,
5.0606534922287967],
[33.431260186025945,
-0.1296391810921132,
5.7831153105674558],
[31.986058765894406,
-0.1458340939391006,
6.505577138192554],
[30.540857323365461,
-0.16202900703707462,
7.2280389770634379],
[29.095656575187895,
-0.17822391235415072,
7.9505004841338094],
[27.650455741035813,
-0.19441881863465779,
8.6729620343876075],
[26.205254747850727,
-0.2106137266972877,
9.39542366451952],
[24.760053631001796,
-0.22680863614569385,
10.117885356761604],
[23.3148525141552,
-0.24300354559407553,
10.840347048983091],
[21.869651871596826,
-0.25919844972758349,
11.562808503013118],
[20.424451229041317,
-0.27539335386106162,
12.285269957015689],
[18.979250586517839,
-0.2915882579941807,
13.007731411003348],
[17.534049944190198,
-0.30778316212508344,
13.730192864897221],
[16.088849255601211,
-0.32397806677090318,
14.452654340860683],
[14.643670513380769,
-0.3401727237550754,
15.175105302657107],
[11.191263360163186,
-0.37886036596995087,
16.871851062664629],
[7.7657398327319376,
-0.41724674869414435,
18.555434015536651],
[4.3530121626212992,
-0.4554896522462723,
20.232775965099929],
[0.95390871389345855,
-0.493503796153711,
21.903472860260369],
[-2.4684954662783691,
-0.47689995180631783,
23.585572204479735],
[-5.8558087209873468,
-0.43894175637127464,
25.250589158737593],
[-9.2564352271013064,
-0.40080899972216161,
26.922099513910627],
[-12.670110027397314,
-0.36252989689677317,
28.599974043059493],
[-16.115474699120892,
-0.32389543922483655,
30.29333353414593],
[-17.559679505374323,
-0.30770090937800348,
31.015356487944377],
[-19.003906320320539,
-0.29150613101448952,
31.737389986431673],
[-20.448133088148904,
-0.27531135317586752,
32.459423462440604],
[-21.892359856169346,
-0.25911657533507,
33.181456938541494],
[-23.336586624222608,
-0.2429217974939043,
33.903490414657675],
[-24.780813392281388,
-0.22672701965267897,
34.625523890799911],
[-26.225040633811254,
-0.21053223650220049,
35.347557604512438],
[-27.669267875345511,
-0.19433745335167441,
36.069591318244683],
[-29.113494996123915,
-0.17814267155523975,
36.791624971383186],
[-30.557721987508845,
-0.16194789120975389,
37.513658559589935],
[-32.001948934928414,
-0.14575311135727181,
38.235692125731106],
[-33.446175906992544,
-0.12955833122843893,
38.957725704241035],
[-34.89040298173979,
-0.11336354994817308,
39.679759334282586],
[-36.33463022327529,
-0.09716876679763288,
40.401793048013182],
[-37.778857464807032,
-0.080973983647133388,
41.12382676172664],
[-39.223084232862647,
-0.0647792058059435,
41.845860237867377],
[-40.667311000935612,
-0.048584427964556906,
42.567893713993008],
[-42.111537768891324,
-0.032389650124485032,
43.289927190062691],
[-43.555764504460988,
-0.016194872647591518,
44.0119606506417],
[-44.999999727212447,
5.51024798169145E-15,
44.733998183783868]],
"radius":0.75,
"mass":1,
"friends":[],
"mesh":"agent",
"animation_cycles":[],
"e":[[1,
2],
[2,
3],
[3,
4],
[4,
5],
[5,
6],
[6,
7],
[7,
8],
[8,
9],
[9,
10],
[10,
11],
[11,
12],
[12,
13],
[13,
14],
[14,
15],
[15,
16],
[16,
17],
[17,
18],
[18,
19],
[19,
20],
[20,
21],
[21,
22],
[22,
23],
[23,
24],
[24,
25],
[25,
26],
[26,
27],
[27,
28],
[28,
29],
[29,
30],
[30,
31],
[31,
32],
[32,
33],
[33,
34],
[34,
35],
[35,
36],
[36,
37],
[37,
38],
[38,
39],
[39,
40],
[40,
41],
[41,
42],
[42,
43],
[43,
44],
[44,
45],
[45,
46],
[46,
47],
[47,
48],
[48,
49],
[49,
50],
[50,
51]],
"rest_edge_lengths":[61.89276999729298,
58.941180286565057,
55.989777045933721,
53.038591378354241,
50.08766273977411,
47.13703825415157,
44.186778883482624,
41.236961984284704,
38.287691021179917,
35.339102679861384,
32.391383378094162,
29.444794115768715,
26.49971182765762,
23.556702259300625,
20.616652361461043,
17.681038621327964,
14.752509540413831,
11.836324920627474,
8.9445669418802929,
6.1120045811501154,
3.4860531646357122,
5.1437780931260857,
10.067556186252171,
14.991334279378256,
19.915112372504343,
24.838890465630424,
29.762668558756513,
34.6864466518826,
39.610224745008679,
44.534002838134768,
44.592695215937958,
46.730307945979582,
48.952829737156904,
51.249215026960364,
53.609972463000943,
56.026965766168139,
58.493224200060894,
61.002772892298566,
63.550483575309492,
66.131945873582538,
68.743357951327411,
71.381432489595326,
74.043319688905243,
76.726541178946917,
79.42893488181933,
82.148608711910754,
84.883900881574391,
87.633349689201893,
90.395663406556082,
93.23954942370716],
"rest_region_lengths":[0,
120.83395028385803,
114.93095733249878,
109.02836842428796,
103.12625411812834,
97.22470099392568,
91.3238171376342,
85.423740867767322,
79.524653005464614,
73.6267937010413,
67.730486057955545,
61.836177493862877,
55.944505943426336,
50.056414086958242,
44.173354620761671,
38.297690982789007,
32.4335481617418,
26.588834461041305,
20.780891862507765,
15.056571523030408,
9.5980577457858267,
8.629831257761797,
15.211334279378256,
25.058890465630427,
34.9064466518826,
44.754002838134767,
54.601559024386937,
64.4491152106391,
74.29667139689127,
84.144227583143447,
89.126698054072733,
91.323003161917541,
95.6831376831365,
100.20204476411726,
104.8591874899613,
109.63693822916909,
114.52018996622903,
119.49599709235946,
124.55325646760807,
129.68242944889204,
134.87530382490996,
140.12479044092274,
145.42475217850057,
150.76986086785217,
156.15547606076626,
161.57754359373007,
167.03250959348514,
172.5172505707763,
178.029013095758,
183.63521283026324]},
{"id":2,
"xse":[[-44.999999727212447,
5.5109105627562494E-15,
0],
[44.999999727212447,
-1.1021821125512499E-14,
44.224002838134766]],
"max_time":44.224002838134766,
"waypoints":1,
"seg_per_waypoint":50,
"segments":50,