{"agents":[{"id":1,
"xse":[[44.999999727212447,
0,
0],
[-44.999999727212447,
5.5109105627562494E-15,
44.224002838134766]],
"max_time":44.224002838134766,
"waypoints":1,
"seg_per_waypoint":50,
"segments":50,
"v":[[43.749996,
0,
0],
[41.666662666666667,
0,
0.02],
[39.583329333333339,
0,
0.03],
[37.499996,
0,
0.04],
[35.416663333333332,
0,
0.05],
[33.333330666666669,
0,
0.06],
[31.249998,
0,
0.07],
[29.166664666666669,
0,
0.08],
[27.083331333333334,
0,
0.09],
[24.999998,
0,
0.1],
[22.916664666666669,
0,
0.11],
[20.833331333333334,
0,
0.12],
[18.749998,
0,
0.13],
[16.666665000000002,
0,
0.14],
[14.583332000000002,
0,
0.15],
[12.499999,
0,
0.16],
[10.416666000000001,
0,
0.17],
[8.333333,
0,
0.18],
[6.25,
0,
0.19],
[4.1666666666666661,
0,
0.2],
[2.083333333333333,
0,
0.21],
[0,
0,
0.22],
[0,
0,
5.1437780931260857],
[0,
0,
10.067556186252171],
[0,
0,
14.991334279378256],
[0,
0,
19.915112372504343],
[0,
0,
24.838890465630424],
[0,
0,
29.762668558756513],
[0,
0,
34.6864466518826],
[0,
0,
39.610224745008679],
[0,
0,
44.534002838134768],
[-2.0833333333333335,
0,
44.544002838134766],
[-4.166666666666667,
0,
44.554002838134764],
[-6.25,
0,
44.564002838134769],
[-8.333333,
0,
44.574002838134767],
[-10.416666,
0,
44.584002838134765],
[-12.499999,
0,
44.594002838134763],
[-14.583332,
0,
44.604002838134768],
[-16.666665000000002,
0,
44.614002838134766],
[-18.749998,
0,
44.624002838134764],
[-20.833331333333334,
0,
44.634002838134762],
[-22.916664666666669,
0,
44.644002838134767],
[-24.999998,
0,
44.654002838134765],
[-27.083331333333334,
0,
44.664002838134763],
[-29.166664666666669,
0,
44.674002838134768],
[-31.249998,
0,
44.684002838134766],
[-33.333330666666669,
0,
44.694002838134764],
[-35.416663333333332,
0,
44.704002838134762],
[-37.499996,
0,
44.714002838134768],
[-39.583329333333339,
0,
44.724002838134766],
[-43.749996,
0,
44.734002838134764]],
"radius":0.75,
"mass":1,
"friends":[],
"mesh":"agent",
"animation_cycles":[],
"e":[[1,
2],
[2,
3],
[3,
4],
[4,
5],
[5,
6],
[6,
7],
[7,
8],
[8,
9],
[9,
10],
[10,
11],
[11,
12],
[12,
13],
[13,
14],
[14,
15],
[15,
16],
[16,
17],
[17,
18],
[18,
19],
[19,
20],
[20,
21],
[21,
22],
[22,
23],
[23,
24],
[24,
25],
[25,
26],
[26,
27],
[27,
28],
[28,
29],
[29,
30],
[30,
31],
[31,
32],
[32,
33],
[33,
34],
[34,
35],
[35,
36],
[36,
37],
[37,
38],
[38,
39],
[39,
40],
[40,
41],
[41,
42],
[42,
43],
[43,
44],
[44,
45],
[45,
46],
[46,
47],
[47,
48],
[48,
49],
[49,
50],
[50,
51]],
"rest_edge_lengths":[61.89276999729298,
58.941180286565057,
55.989777045933721,
53.038591378354241,
50.08766273977411,
47.13703825415157,
44.186778883482624,
41.236961984284704,
38.287691021179917,
35.339102679861384,
32.391383378094162,
29.444794115768715,
26.49971182765762,
23.556702259300625,
20.616652361461043,
17.681038621327964,
14.752509540413831,
11.836324920627474,
8.9445669418802929,
6.1120045811501154,
3.4860531646357122,
5.1437780931260857,
10.067556186252171,
14.991334279378256,
19.915112372504343,
24.838890465630424,
29.762668558756513,
34.6864466518826,
39.610224745008679,
44.534002838134768,
44.592695215937958,
46.730307945979582,
48.952829737156904,
51.249215026960364,
53.609972463000943,
56.026965766168139,
58.493224200060894,
61.002772892298566,
63.550483575309492,
66.131945873582538,
68.743357951327411,
71.381432489595326,
74.043319688905243,
76.726541178946917,
79.42893488181933,
82.148608711910754,
84.883900881574391,
87.633349689201893,
90.395663406556082,
93.23954942370716],
"rest_region_lengths":[0,
120.83395028385803,
114.93095733249878,
109.02836842428796,
103.12625411812834,
97.22470099392568,
91.3238171376342,
85.423740867767322,
79.524653005464614,
73.6267937010413,
67.730486057955545,
61.836177493862877,
55.944505943426336,
50.056414086958242,
44.173354620761671,
38.297690982789007,
32.4335481617418,
26.588834461041305,
20.780891862507765,
15.056571523030408,
9.5980577457858267,
8.629831257761797,
15.211334279378256,
25.058890465630427,
34.9064466518826,
44.754002838134767,
54.601559024386937,
64.4491152106391,
74.29667139689127,
84.144227583143447,
89.126698054072733,
91.323003161917541,
95.6831376831365,
100.20204476411726,
104.8591874899613,
109.63693822916909,
114.52018996622903,
119.49599709235946,
124.55325646760807,
129.68242944889204,
134.87530382490996,
140.12479044092274,
145.42475217850057,
150.76986086785217,
156.15547606076626,
161.57754359373007,
167.03250959348514,
172.5172505707763,
178.029013095758,
183.63521283026324]},
{"id":2,
"xse":[[-44.999999727212447,
5.5109105627562494E-15,
0],
[44.999999727212447,
-1.1021821125512499E-14,
44.224002838134766]],
"max_time":44.224002838134766,
"waypoints":1,
"seg_per_waypoint":50,
"segments":50,
"v":[[-43.749996,
0,
0],
[-41.666662666666667,
0,
0.02],
[-39.583329333333339,
0,
0.03],
[-37.499996,
0,
0.04],
[-35.416663333333332,
0,
0.05],
[-33.333330666666669,
0,
0.06],
[-31.249998,
0,
0.07],
[-29.166664666666669,
0,
0.08],
[-27.083331333333334,
0,
0.09],
[-24.999998,
0,
0.1],
[-22.916664666666669,
0,
0.11],
[-20.833331333333334,
0,
0.12],
[-18.749998,
0,
0.13],
[-16.666665000000002,
0,
0.14],
[-14.583332000000002,
0,
0.15],
[-12.499999,
0,
0.16],
[-10.416666000000001,
0,
0.17],
[-8.333333,
0,
0.18],
[-6.25,
0,
0.19],
[-4.1666666666666661,
2.0833333333333335,
0.2],
[-2.083333333333333,
4.166666666666667,
0.21],
[0,
6.25,
0.22],
[0,
6.25,
5.1437780931260857],
[0,
6.25,
10.067556186252171],
[0,
6.25,
14.991334279378256],
[0,
6.25,
19.915112372504343],
[0,
6.25,
24.838890465630424],
[0,
6.25,
29.762668558756513],
[0,
6.25,
34.6864466518826],
[0,
6.25,
39.610224745008679],
[0,
6.25,
44.534002838134768],
[2.0833333333333335,
4.1666666666666661,
44.544002838134766],
[4.166666666666667,
2.083333333333333,
44.554002838134764],
[6.25,
0,
44.564002838134769],
[8.333333,
0,
44.574002838134767],
[10.416666,
0,
44.584002838134765],
[12.499999,
0,
44.594002838134763],
[14.583332,
0,
44.604002838134768],
[16.666665000000002,
0,
44.614002838134766],
[18.749998,
0,
44.624002838134764],
[20.833331333333334,
0,
44.634002838134762],
[22.916664666666669,
0,
44.644002838134767],
[24.999998,
0,
44.654002838134765],
[27.083331333333334,
0,
44.664002838134763],
[29.166664666666669,
0,
44.674002838134768],
[31.249998,
0,
44.684002838134766],
[33.333330666666669,
0,
44.694002838134764],
[35.416663333333332,
0,
44.704002838134762],
[37.499996,
0,
44.714002838134768],
[39.583329333333339,
0,
44.724002838134766],
[43.749996,
0,
44.734002838134764]],
"radius":0.75,
"mass":1,
"friends":[],
"mesh":"agent",
"animation_cycles":[],
"e":[[1,
2],
[2,
3],
[3,
4],
[4,
5],
[5,
6],
[6,
7],
[7,
8],
[8,
9],
[9,
10],
[10,
11],
[11,
12],
[12,
13],
[13,
14],
[14,
15],
[15,
16],
[16,
17],
[17,
18],
[18,
19],
[19,
20],
[20,
21],
[21,
22],
[22,
23],
[23,
24],
[24,
25],
[25,
26],
[26,
27],
[27,
28],
[28,
29],
[29,
30],
[30,
31],
[31,
32],
[32,
33],
[33,
34],
[34,
35],
[35,
36],
[36,
37],
[37,
38],
[38,
39],
[39,
40],
[40,
41],
[41,
42],
[42,
43],
[43,
44],
[44,
45],
[45,
46],
[46,
47],
[47,
48],
[48,
49],
[49,
50],
[50,
51]],
"rest_edge_lengths":[61.921038247253335,
58.983580199012721,
56.046306446961331,
53.109247543154218,
50.172442216154437,
47.235936615674454,
44.299790377131423,
41.364079017588942,
38.428903396618992,
35.49439642165769,
32.560738876546935,
29.628183083229072,
26.697092085635415,
23.768008337539328,
20.841777445154172,
17.91979704262554,
15.004550551749327,
12.100905780422677,
10.741844451593137,
9.64053594637421,
8.8932596198844127,
8.0945014096807615,
11.849818039250406,
16.242001215246276,
20.872810084161536,
25.61314075945365,
30.411822367927797,
35.2450291719825,
40.1002793550132,
44.970433718021837,
44.78693534651201,
42.521736158861714,
40.665048366373476,
38.886141103563496,
37.254473274913337,
35.790188044934446,
34.514595663687871,
33.449290569450213,
32.614885215292659,
32.029430360816058,
31.706719315182852,
31.654789021615517,
31.87496296549957,
32.361687809487414,
33.103208144880163,
34.082897706735487,
35.280921104250382,
36.675889062628315,
38.2462580205595,
40.133907232853645],