{"agents":[{"id":1,
"xse":[[44.999999727212447,
0,
0],
[-44.999999727212447,
5.5109105627562494E-15,
90]],
"max_time":90,
"waypoints":1,
"seg_per_waypoint":50,
"segments":50,
"v":[[43.749996,
0,
0],
[40.624996,
0,
0.02],
[37.499996,
0,
0.03],
[34.374997,
0,
0.04],
[31.249998,
0,
0.05],
[28.124998,
0,
0.06],
[24.999998,
0,
0.07],
[21.874998,
0,
0.08],
[18.749998,
0,
0.09],
[15.6249985,
0,
0.1],
[12.499999,
0,
0.11],
[9.3749995000000013,
0,
0.12],
[6.25,
0,
0.13],
[3.125,
0,
0.14],
[0,
0,
0.15],
[-3.125,
0,
0.16],
[-6.25,
0,
0.17],
[-9.3749995000000013,
0,
0.18],
[-12.499999,
0,
0.19],
[-15.6249985,
0,
0.2],
[-18.749998,
0,
0.21],
[-18.749998,
0,
3.22],
[-18.749998,
0,
6.23],
[-18.749998,
0,
9.24],
[-18.749998,
0,
12.25],
[-18.749998,
0,
15.26],
[-18.749998,
0,
18.27],
[-21.874998,
0,
18.28],
[-24.999998,
0,
18.29],
[-24.999998,
0,
21.3],
[-24.999998,
0,
24.31],
[-24.999998,
0,
27.32],
[-24.999998,
0,
31.83],
[-24.999998,
0,
36.34],
[-28.124998,
0,
36.35],
[-31.249998,
0,
36.36],
[-31.249998,
0,
40.87],
[-31.249998,
0,
45.38],
[-31.249998,
0,
49.89],
[-31.249998,
0,
54.4],
[-34.374997,
0,
54.41],
[-37.499996,
0,
54.42],
[-37.499996,
0,
58.93],
[-37.499996,
0,
63.44],
[-37.499996,
0,
67.95],
[-37.499996,
0,
72.46],
[-37.499996,
0,
76.97],
[-37.499996,
0,
81.48],
[-40.624996,
0,
81.49],
[-43.749996,
0,
81.5],
[-43.749996,
0,
90.51]],
"radius":0.75,
"mass":1,
"preferred_end_time":90,
"friends":[],
"mesh":"agent",
"animation_cycles":[],
"e":[[1,
2],
[2,
3],
[3,
4],
[4,
5],
[5,
6],
[6,
7],
[7,
8],
[8,
9],
[9,
10],
[10,
11],
[11,
12],
[12,
13],
[13,
14],
[14,
15],
[15,
16],
[16,
17],
[17,
18],
[18,
19],
[19,
20],
[20,
21],
[21,
22],
[22,
23],
[23,
24],
[24,
25],
[25,
26],
[26,
27],
[27,
28],
[28,
29],
[29,
30],
[30,
31],
[31,
32],
[32,
33],
[33,
34],
[34,
35],
[35,
36],
[36,
37],
[37,
38],
[38,
39],
[39,
40],
[40,
41],
[41,
42],
[42,
43],
[43,
44],
[44,
45],
[45,
46],
[46,
47],
[47,
48],
[48,
49],
[49,
50],
[50,
51]],
"rest_edge_lengths":[61.936583092385973,
57.51616838107379,
53.096766559462296,
48.6786550404797,
44.262218372332043,
39.848011873618084,
35.436870986586953,
31.030103131636675,
26.629879313939977,
22.240084947117552,
17.868407095065926,
13.532414908470727,
9.2822532286078037,
5.3274642185565169,
3.1290933191581232,
5.5125561221632928,
9.4959476554475728,
13.753016139560106,
18.091588417687436,
22.464491480890565,
28.883269155689565,
31.2339995050267,
33.689796868488358,
36.22930169075866,
38.836096469135619,
41.497502056388988,
41.62389700496589,
45.842210099863287,
52.618340099246844,
55.285403161775065,
57.98605082879854,
62.085816195649777,
66.238925524498129,
66.321849941026287,
70.420849927844586,
78.599341514544562,
82.7569874299446,
86.949765097095053,
91.172827818380227,
91.23575642866129,
95.267820011428924,
103.46494009354102,
107.68069693533765,
111.91939669422825,
116.17852822410873,
120.45592423886853,
124.74970600430301,
124.79837528221283,
128.74265250102638,
141.20838741349621],
"rest_region_lengths":[0,
119.45275147345976,
110.61293494053609,
101.77542159994199,
92.94087341281174,
84.110230245950135,
75.284882860205045,
66.466974118223632,
57.659982445576652,
48.869964261057532,
40.108492042183478,
31.400822003536653,
22.814668137078531,
14.609717447164321,
8.4565575377146409,
8.641649441321416,
15.008503777610866,
23.248963795007679,
31.844604557247543,
40.556079898578005,
51.347760636580134,
60.117268660716263,
64.92379637351506,
69.919098559247018,
75.065398159894272,
80.333598525524607,
83.121399061354879,
87.466107104829177,
98.460550199110131,
107.9037432610219,
113.2714539905736,
120.07186702444832,
128.3247417201479,
132.56077546552442,
136.74269986887089,
149.02019144238915,
161.35632894448918,
169.70675252703967,
178.12259291547528,
182.40858424704152,
186.50357644009023,
198.73276010496994,
211.14563702887867,
219.60009362956589,
228.097924918337,
236.63445246297726,
245.20563024317153,
249.54808128651584,
253.5410277832392,
269.9510399145226]},
{"id":2,
"xse":[[-44.999999727212447,
5.5109105627562494E-15,
0],
[44.999999727212447,
-1.1021821125512499E-14,
90]],
"max_time":90,
"waypoints":1,
"seg_per_waypoint":50,
"segments":50,
"v":[[-43.749996,
0,
0],
[-40.624996,
0,
0.02],
[-37.499996,
0,
0.03],
[-34.374997,
0,
0.04],
[-31.249998,
0,
0.05],
[-28.124998,
0,
0.06],
[-24.999998,
0,
0.07],
[-21.874998,
-3.125,
0.08],
[-18.749998,
-6.25,
0.09],
[-15.6249985,
-6.25,
0.1],
[-12.499999,
-6.25,
0.11],
[-9.3749995000000013,
-6.25,
0.12],
[-6.25,
-6.25,
0.13],
[-3.125,
-6.25,
0.14],
[0,
-6.25,
0.15],
[3.125,
-6.25,
0.16],
[6.25,
-6.25,
0.17],
[9.3749995000000013,
-6.25,
0.18],
[12.499999,
-6.25,
0.19],
[15.6249985,
-6.25,
0.2],
[18.749998,
-6.25,
0.21],
[18.749998,
-6.25,
3.22],
[18.749998,
-6.25,
6.23],
[18.749998,
-6.25,
9.24],
[18.749998,
-6.25,
12.25],
[18.749998,
-6.25,
15.26],
[18.749998,
-6.25,
18.27],
[21.874998,
-6.25,
18.28],
[24.999998,
-6.25,
18.29],
[24.999998,
-6.25,
21.3],
[24.999998,
-6.25,
24.31],
[24.999998,
-6.25,
27.32],
[24.999998,
-6.25,
31.83],
[24.999998,
-6.25,
36.34],
[28.124998,
-6.25,
36.35],
[31.249998,
-6.25,
36.36],
[31.249998,
-6.25,
40.87],
[31.249998,
-6.25,
45.38],
[31.249998,
-6.25,
49.89],
[31.249998,
-6.25,
54.4],
[34.374997,
-6.25,
54.41],
[37.499996,
-6.25,
54.42],
[37.499996,
-6.25,
58.93],
[37.499996,
-6.25,
63.44],
[37.499996,
-6.25,
67.95],
[37.499996,
-6.25,
72.46],
[40.624996,
-3.125,
72.47],
[43.749996,
0,
72.48],
[43.749996,
0,
76.99],
[43.749996,
0,
81.5],
[43.749996,
0,
90.51]],
"radius":0.75,
"mass":1,
"preferred_end_time":90,
"friends":[],
"mesh":"agent",
"animation_cycles":[],
"e":[[1,
2],
[2,
3],
[3,
4],
[4,
5],
[5,
6],
[6,
7],
[7,
8],
[8,
9],
[9,
10],
[10,
11],
[11,
12],
[12,
13],
[13,
14],
[14,
15],
[15,
16],
[16,
17],
[17,
18],
[18,
19],
[19,
20],
[20,
21],
[21,
22],
[22,
23],
[23,
24],
[24,
25],
[25,
26],
[26,
27],
[27,
28],
[28,
29],
[29,
30],
[30,
31],
[31,
32],
[32,
33],
[33,
34],
[34,
35],
[35,
36],
[36,
37],
[37,
38],
[38,
39],
[39,
40],
[40,
41],
[41,
42],
[42,
43],
[43,
44],
[44,
45],
[45,
46],
[46,
47],
[47,
48],
[48,
49],
[49,
50],
[50,
51]],
"rest_edge_lengths":[61.9648313548906,
57.558532163008053,
53.153237139708,
48.749220054786718,
44.346859807206279,
39.94670261385798,
33.425850208783146,
27.136088970962785,
22.832827167808379,
18.580807209187785,
14.425411056015086,
10.482187712734437,
7.113207785521241,
5.5006249644926717,
6.9895439765409586,
10.314469205926207,
14.242911285091973,
18.392130030668028,
22.641070199418632,
26.942593787625658,
29.430948640504404,
27.959797029306351,
26.747709471280118,
25.831180267266305,
25.242424329687672,
25.004605537380669,
25.198936944244455,
28.524258941469594,
31.468275456402246,
31.257614628119146,
31.335998217385832,
31.987674224926202,
33.243917042972058,
33.393869877568967,
35.485509302249113,
38.714264664074513,
40.0737670617576,
41.877195758073491,
44.070085575138251,
44.185983766235296,
45.4087892953558,
48.716601086693558,
50.862028641414142,
53.303516709500812,
56.002357358240126,
53.694106797301622,
51.71940839607538,
54.945063617399079,
57.785162040094967,
64.035616059190318],