{"agents":[{"id":1,
"xse":[[44.999999727212447,
0,
0],
[-44.999999727212447,
5.5109105627562494E-15,
44.224002838134766]],
"max_time":44.224002838134766,
"waypoints":1,
"seg_per_waypoint":50,
"segments":50,
"v":[[44.999999727212447,
-1.6303160842043293E-20,
2.96077880092036E-19],
[43.201211442466665,
-0.034762046482443257,
0.89427505675938834],
[41.402870414782946,
-0.069515449577253766,
1.7883683525833876],
[39.604527140111379,
-0.10426889611004926,
2.6824625582456649],
[37.8061839209987,
-0.13902234156948698,
3.5765567561999263],
[36.007840744520827,
-0.17377578620501991,
4.4706509512835728],
[34.209497586888126,
-0.20852923047636532,
5.3647451458269142],
[32.411154437912828,
-0.24328267458040384,
6.25883934001201],
[30.612811292478547,
-0.278036118616011,
7.1529335340859692],
[28.814468148178243,
-0.3127895626297037,
8.0470277281204279],
[27.016125003364436,
-0.34754300665332005,
8.9411219221724512],
[25.217781856030214,
-0.38229645072564417,
9.8352161163117113],
[23.419438702409618,
-0.41704989491945454,
10.729310310668938],
[21.62109553437303,
-0.45180333939185841,
11.623404505536651],
[19.822752334278409,
-0.48655678448379219,
12.517498701802728],
[18.024409075303993,
-0.52131023071358751,
13.411592902595608],
[16.226065814454817,
-0.55606367697961567,
14.305687102520713],
[14.427722557495905,
-0.59081712317045865,
15.199781304143434],
[12.629379411363477,
-0.62557056721958137,
16.093875496164642],
[10.831036268908301,
-0.66032401119826267,
16.987969688346908],
[9.032692929179154,
-0.69507745897155615,
17.882063924819942],
[7.2343296379387061,
-0.72983128934982922,
18.776162838034082],
[5.4380312817723313,
-0.76454513888444231,
19.672820757023434],
[3.6298633834391016,
-0.79948465905987676,
20.572475593865455],
[1.8230954436580784,
-0.83422149607159457,
21.46625748532594],
[0.0065092245306513866,
-0.86084794375098728,
22.365797569210983],
[-1.8104849058959234,
-0.83433245519677346,
23.2654068326206],
[-3.6223464160858074,
-0.79950502802739942,
24.162811411430198],
[-5.4284838189248958,
-0.76461023756583979,
25.056383455605751],
[-7.2369276930189832,
-0.72966713268753236,
25.955939478248329],
[-9.0334675329081442,
-0.69495396117736741,
26.8526881258163],
[-10.831812522663652,
-0.66020590768151122,
27.746751684011823],
[-12.630138302285067,
-0.62545822569674425,
28.640810856730553],
[-14.428463886521081,
-0.59071054746765328,
29.534869986403187],
[-16.226789474619412,
-0.55596286916307436,
30.428929115963221],
[-18.025115173598362,
-0.52121518871598449,
31.322988255057567],
[-19.823440876481346,
-0.48646750819345974,
32.217047392453338],
[-21.621766577454459,
-0.4517198277078367,
33.11110653073635],
[-23.420092218488737,
-0.41697214838036811,
34.005165664414619],
[-25.218417828092015,
-0.38222446966021661,
34.899224796777041],
[-27.016743423737005,
-0.34747679120977026,
35.79328392865375],
[-28.815069013635846,
-0.31272911287035227,
36.687343060334122],
[-30.613394602012654,
-0.27798143456034341,
37.581402191962553],
[-32.411720192030067,
-0.24323375621863433,
38.475461323646975],
[-34.2100457879948,
-0.20848607776200992,
39.3695204555347],
[-36.008371398335576,
-0.17373839902760832,
40.263579587925356],
[-37.806697040925037,
-0.13899071967009005,
41.157638721724709],
[-39.60502274195531,
-0.1042430391833626,
42.05169785998342],
[-41.403348444776256,
-0.069495358662036474,
42.9457569973519],
[-43.201674144075454,
-0.034747678208756051,
43.839816136569937],
[-44.999999727212447,
5.5109076610229292E-15,
44.733875264039632]],
"radius":0.75,
"mass":1,
"friends":[],
"mesh":"agent",
"animation_cycles":[],
"e":[[1,
2],
[2,
3],
[3,
4],
[4,
5],
[5,
6],
[6,
7],
[7,
8],
[8,
9],
[9,
10],
[10,
11],
[11,
12],
[12,
13],
[13,
14],
[14,
15],
[15,
16],
[16,
17],
[17,
18],
[18,
19],
[19,
20],
[20,
21],
[21,
22],
[22,
23],
[23,
24],
[24,
25],
[25,
26],
[26,
27],
[27,
28],
[28,
29],
[29,
30],
[30,
31],
[31,
32],
[32,
33],
[33,
34],
[34,
35],
[35,
36],
[36,
37],
[37,
38],
[38,
39],
[39,
40],
[40,
41],
[41,
42],
[42,
43],
[43,
44],
[44,
45],
[45,
46],
[46,
47],
[47,
48],
[48,
49],
[49,
50],
[50,
51]],
"rest_edge_lengths":[61.89276999729298,
58.941180286565057,
55.989777045933721,
53.038591378354241,
50.08766273977411,
47.13703825415157,
44.186778883482624,
41.236961984284704,
38.287691021179917,
35.339102679861384,
32.391383378094162,
29.444794115768715,
26.49971182765762,
23.556702259300625,
20.616652361461043,
17.681038621327964,
14.752509540413831,
11.836324920627474,
8.9445669418802929,
6.1120045811501154,
3.4860531646357122,
5.1437780931260857,
10.067556186252171,
14.991334279378256,
19.915112372504343,
24.838890465630424,
29.762668558756513,
34.6864466518826,
39.610224745008679,
44.534002838134768,
44.592695215937958,
46.730307945979582,
48.952829737156904,
51.249215026960364,
53.609972463000943,
56.026965766168139,
58.493224200060894,
61.002772892298566,
63.550483575309492,
66.131945873582538,
68.743357951327411,
71.381432489595326,
74.043319688905243,
76.726541178946917,
79.42893488181933,
82.148608711910754,
84.883900881574391,
87.633349689201893,
90.395663406556082,
93.23954942370716],
"rest_region_lengths":[0,
120.83395028385803,
114.93095733249878,
109.02836842428796,
103.12625411812834,
97.22470099392568,
91.3238171376342,
85.423740867767322,
79.524653005464614,
73.6267937010413,
67.730486057955545,
61.836177493862877,
55.944505943426336,
50.056414086958242,
44.173354620761671,
38.297690982789007,
32.4335481617418,
26.588834461041305,
20.780891862507765,
15.056571523030408,
9.5980577457858267,
8.629831257761797,
15.211334279378256,
25.058890465630427,
34.9064466518826,
44.754002838134767,
54.601559024386937,
64.4491152106391,
74.29667139689127,
84.144227583143447,
89.126698054072733,
91.323003161917541,
95.6831376831365,
100.20204476411726,
104.8591874899613,
109.63693822916909,
114.52018996622903,
119.49599709235946,
124.55325646760807,
129.68242944889204,
134.87530382490996,
140.12479044092274,
145.42475217850057,
150.76986086785217,
156.15547606076626,
161.57754359373007,
167.03250959348514,
172.5172505707763,
178.029013095758,
183.63521283026324]},
{"id":2,
"xse":[[-44.999999727212447,
5.5109105627562494E-15,
0],
[44.999999727212447,
-1.1021821125512499E-14,
44.224002838134766]],
"max_time":44.224002838134766,
"waypoints":1,
"seg_per_waypoint":50,
"segments":50,