{
	"agents": [{
		"id": 1,
		"xse": [
			[-46.875, -9.375,
				0
			],
			[46.875, -40.625,
				10
			]
		],
		"max_time": 10,
		"waypoints": 1,
		"seg_per_waypoint": 50,
		"segments": 50,
		"v": [
			[-46.875, -9.375, -9.1413298697839783E-41],
			[-46.514015746557234, -14.800743945891881,
				0.22638972668672638
			],
			[-46.251412317623526, -20.223365108305,
				0.45247360528372388
			],
			[-45.943227278753426, -26.432528383626796,
				0.711267340039594
			],
			[-45.654947068168262, -32.592467340718976,
				0.96835702917234845
			],
			[-45.147719324242857, -41.249239136858471,
				1.3309092686884214
			],
			[-44.7739048496083, -44.326627152247141,
				1.4604195399507125
			],
			[-44.150618808271872, -44.830421324773454,
				1.4943380755259816
			],
			[-37.348829571429917, -44.870249766445419,
				1.7798645046754218
			],
			[-37.0387994686953, -44.752260419754037,
				1.7938744400448332
			],
			[-34.09017369078115, -26.913315404626648,
				2.5514031035428695
			],
			[-34.090538759215178, -26.881629956624028,
				2.5526931669365935
			],
			[-34.083487921750447, -26.811114811424279,
				2.5556619716547666
			],
			[-33.774193390556562, -22.224664171519581,
				2.747559758824377
			],
			[-33.458159513554378, -17.876329518959118,
				2.9301290581453143
			],
			[-33.004684337847294, -12.297215651711003,
				3.16364056572773
			],
			[-32.521526204696855, -6.7199363506578829,
				3.396278083357108
			],
			[-31.957779110908572, -0.57057537948970793,
				3.6511655852834091
			],
			[-31.424252764535808,
				4.972591530026377,
				3.8818955484754181
			],
			[-30.992836185235578,
				10.05028322355702,
				4.0939104415359191
			],
			[-30.963021726114402,
				10.628856677219941,
				4.11827329227471
			],
			[-30.958312612414019,
				10.659051518517806,
				4.1195418531123593
			],
			[-28.7859038860676,
				25.877669781650656,
				4.761115055061973
			],
			[-28.475846047893246,
				26.080543912850498,
				4.7765292316903505
			],
			[-26.075669587778783,
				26.172449996356629,
				4.8762462415964958
			],
			[-21.645950395779533,
				26.091680428250832,
				5.0610887294047409
			],
			[-19.928223373221897,
				25.752566555215719,
				5.1341701579870769
			],
			[-11.246007450247477,
				24.217036152429159,
				5.5037572401159958
			],
			[-4.3554505558153451,
				23.089565141571246,
				5.7956908511011047
			],
			[-0.17626924614166198,
				22.460100490291261,
				5.97179598177159
			],
			[3.3981921983812673,
				21.927794886921077,
				6.12290813674925
			],
			[6.5578398062817218,
				21.464649805219526,
				6.2555887548502991
			],
			[10.246382224129244,
				20.914553605745564,
				6.4109493695704112
			],
			[14.299663557977334,
				20.319832896475855,
				6.58257521223251
			],
			[18.956702011193361,
				19.627330489953884,
				6.7789837297558373
			],
			[21.823102063365095,
				19.176730701242082,
				6.900237884370231
			],
			[21.82925022606511,
				19.17617707987436,
				6.9005190196521857
			],
			[21.838509569835711,
				19.176464360906476,
				6.9009112604439524
			],
			[38.457954159281108,
				16.153578198295012,
				7.6049862846900034
			],
			[38.539232800343349,
				16.053587380924746,
				7.6104536204672533
			],
			[38.935997201682696,
				13.601545708770551,
				7.7134926635458152
			],
			[39.529912212890117,
				9.4684701315530777,
				7.8879168311089023
			],
			[40.236077461243731,
				4.97975050786743,
				8.076549038736232
			],
			[40.896748678391312,
				0.25128142991393665,
				8.2752514625426468
			],
			[41.772656354272215, -5.6886033827047742,
				8.5249814753893034
			],
			[42.507317896616073, -11.011256643381802,
				8.7487342621417117
			],
			[43.497397955255856, -17.455265762157314,
				9.02078070232287
			],
			[44.360016862275963, -23.669425314497381,
				9.282969507439951
			],
			[45.230454456760746, -29.279191364536334,
				9.5200656650312023
			],
			[46.085601507862449, -35.392455759521845,
				9.7785309286457629
			],
			[46.875, -40.625,
				9.9999971990717658
			]
		],
		"radius": 1,
		"mass": 1,
		"friends": [],
		"e": [
			[1,
				2
			],
			[2,
				3
			],
			[3,
				4
			],
			[4,
				5
			],
			[5,
				6
			],
			[6,
				7
			],
			[7,
				8
			],
			[8,
				9
			],
			[9,
				10
			],
			[10,
				11
			],
			[11,
				12
			],
			[12,
				13
			],
			[13,
				14
			],
			[14,
				15
			],
			[15,
				16
			],
			[16,
				17
			],
			[17,
				18
			],
			[18,
				19
			],
			[19,
				20
			],
			[20,
				21
			],
			[21,
				22
			],
			[22,
				23
			],
			[23,
				24
			],
			[24,
				25
			],
			[25,
				26
			],
			[26,
				27
			],
			[27,
				28
			],
			[28,
				29
			],
			[29,
				30
			],
			[30,
				31
			],
			[31,
				32
			],
			[32,
				33
			],
			[33,
				34
			],
			[34,
				35
			],
			[35,
				36
			],
			[36,
				37
			],
			[37,
				38
			],
			[38,
				39
			],
			[39,
				40
			],
			[40,
				41
			],
			[41,
				42
			],
			[42,
				43
			],
			[43,
				44
			],
			[44,
				45
			],
			[45,
				46
			],
			[46,
				47
			],
			[47,
				48
			],
			[48,
				49
			],
			[49,
				50
			],
			[50,
				51
			]
		],
		"rest_edge_lengths": [57.400063039382879,
			54.299509632110194,
			51.674844730900041,
			49.741228286504224,
			48.53365541624315,
			48.126478707673272,
			47.15061569759856,
			43.185607858262557,
			38.330367070543794,
			36.5370565898531,
			36.628633309374621,
			35.69923141819902,
			36.978277967783249,
			36.677433795864609,
			38.284254479649292,
			44.453943236794281,
			48.512092945085634,
			53.014718370468856,
			58.800071762924972,
			61.708753793020549,
			65.511381319299247,
			71.665912028314622,
			72.881640880695358,
			71.718830067755079,
			66.493929336632164,
			53.914893875324772,
			43.223363188211486,
			35.242245381608548,
			25.7764161150753,
			19.46358278137664,
			11.018785450878893,
			5.3183442971007517,
			6.4051995938852686,
			9.4220541390936638,
			12.386235861331397,
			15.589428863416764,
			19.755750671071272,
			27.314030937241018,
			36.304995301784935,
			46.69585478658815,
			46.387608698472775,
			47.300530445229988,
			51.901939974943389,
			55.525484129362887,
			60.641650697458985,
			68.10425318179567,
			77.647716606559854,
			83.124988399097688,
			88.835597170349615,
			97.01551256757925
		],
		"rest_region_lengths": [0,
			111.69957267149307,
			105.97435436301024,
			101.41607301740427,
			98.274883702747374,
			96.660134123916421,
			95.277094405271839,
			90.336223555861125,
			81.515974928806344,
			74.8674236603969,
			73.165689899227715,
			72.32786472757364,
			72.677509385982262,
			73.655711763647858,
			74.9616882755139,
			82.73819771644358,
			92.966036181879915,
			101.52681131555448,
			111.81479013339383,
			120.50882555594552,
			127.2201351123198,
			137.17729334761387,
			144.54755290901,
			144.60047094845044,
			138.21275940438724,
			120.40882321195693,
			97.138257063536258,
			78.465608569820034,
			61.018661496683848,
			45.239998896451937,
			30.482368232255531,
			16.337129747979645,
			11.72354389098602,
			15.827253732978932,
			21.80829000042506,
			27.97566472474816,
			35.34517953448804,
			47.06978160831229,
			63.619026239025956,
			83.000850088373085,
			93.083463485060918,
			93.688139143702756,
			99.20247042017337,
			107.42742410430628,
			116.16713482682187,
			128.74590387925466,
			145.75196978835552,
			160.77270500565754,
			171.96058556944729,
			185.85110973792888
		]
	}],
	"coeff_matrix": [1,
		1,
		0,
		10,
		1,
		0
	]
}