{"agents":[
{
"id":1,
"xse":[[9.375,
-9.375,
0],
[9.375,
9.375,
10]],
"max_time":10,
"waypoints":1,
"seg_per_waypoint":10,
"segments":10,
"v":[[9.375,
-9.375,
-1.5946753044407182E-17],
[9.4566176641937645,
-6.1493046646572171,
1.6235907637391094],
[9.5061366993511367,
-1.7631703648675059,
3.8331858156794936],
[9.1880487682200354,
1.1446002842571725,
5.4326860054233945],
[9.20214276995029,
2.3665080026590442,
6.116748796477121],
[9.2170464900189355,
3.2801735352021915,
6.6260437251452373],
[9.2347402991407428,
4.0805340413088516,
7.0718660782258578],
[9.2602391862887448,
5.0570155139362072,
7.6129761220323173],
[9.2890383556317477,
6.1850034951379049,
8.23784022050201],
[9.3208657848383343,
7.5208282487621725,
8.9765950645560046],
[9.375,
9.375,
9.9976375614586352]],
"radius":0.75,
"e":[[1,
2],
[2,
3],
[3,
4],
[4,
5],
[5,
6],
[6,
7],
[7,
8],
[8,
9],
[9,
10],
[10,
11]],
"rest_edge_lengths":[18.932031606512894,
13.071916462401372,
5.3560713214071374,
6.6426651277932116,
2.2534695471649933,
4.75821657766857,
3.1306199465920486,
4.157659535423746,
3.83802927946101,
3.6443444197826587],
"rest_region_lengths":[0,
32.003948068914269,
18.427987783808511,
11.998736449200349,
8.8961346749582049,
7.0116861248335631,
7.8888365242606184,
7.2882794820157946,
7.9956888148847565,
7.4823736992436682],
"mesh": "agent",
"animation_cycles": null,
"friend":2,
"friends":[]},
{"id":2,
"xse":[[11.25,
7.5,
0],
[7.5,
-11.25,
10]],
"max_time":10,
"waypoints":1,
"seg_per_waypoint":10,
"segments":10,
"v":[[11.25,
7.5,
0],
[11.229886338924192,
4.4792083008393551,
1.8116197219262258],
[11.222128772614338,
2.5023642285120453,
2.997333013900159],
[11.223530048547062,
0.642528755405805,
4.11209529966233],
[11.148613777977742,
-0.7409242590514854,
4.9382594533896391],
[10.302741275135299,
-2.7527236819508465,
6.137751671234728],
[9.619080525385618,
-4.2416493395286228,
7.0275890281263411],
[9.2351490891081269,
-5.0844112875707763,
7.5255362875232086],
[8.7994630859251028,
-6.2678885131714805,
8.07316689629222],
[8.3429185824659484,
-7.9759199419735287,
8.73722562288527],
[7.5,
-11.25,
9.9988935522729072]],
"radius":0.75,
"e":[[1,
2],
[2,
3],
[3,
4],
[4,
5],
[5,
6],
[6,
7],
[7,
8],
[8,
9],
[9,
10],
[10,
11]],
"rest_edge_lengths":[11.181212122909667,
7.9419270449621662,
7.6668931125978261,
4.7746073136960714,
3.6443449342783127,
7.45297759288192,
11.393464580901194,
12.929751227184342,
15.494297085944236,
17.533450173881921],
"rest_region_lengths":[0,
19.123139167871834,
15.608820157559993,
12.441500426293898,
8.418952247974385,
11.097322527160234,
18.846442173783114,
24.323215808085536,
28.42404831312858,
33.027747259826157],
"mesh": "agent",
"animation_cycles": null,
"friend":2,
"friends":[]},
{"id":3,
"xse":[[7.5,
7.5,
0],
[11.25,
-11.25,
10]],
"max_time":10,
"waypoints":1,
"seg_per_waypoint":10,
"segments":10,
"v":[[7.5,
7.5,
0],
[7.5248487964431856,
2.2304959840711822,
2.3368914274216621],
[7.5387202697544868,
-0.26838181316402321,
3.4431413964840671],
[7.6076653821075118,
-1.7454902304752262,
4.0962398666121631],
[8.071203669427284,
-3.2893604170136093,
4.7975890178842819],
[8.5579136525758628,
-4.671518222614238,
5.4273981048917266],
[8.900425633398152,
-5.6371010180715908,
5.8675933418525679],
[9.385161680334912,
-6.8545555477166875,
6.5244638539584585],
[9.9261362335473766,
-8.1213596366225023,
7.5068320910879969],
[10.407150151751052,
-9.25756885991234,
8.409999020056496],
[11.25,
-11.25,
9.9959611020536112]],
"radius":0.75,
"e":[[1,
2],
[2,
3],
[3,
4],
[4,
5],
[5,
6],
[6,
7],
[7,
8],
[8,
9],
[9,
10],
[10,
11]],
"rest_edge_lengths":[9.2407987269018648,
5.589393477332262,
5.8899411075154227,
10.40941414190913,
11.479620378208409,
13.116217299587561,
15.793501157737142,
17.29875285818639,
20.943841323883287,
20.719479602538335],
"rest_region_lengths":[0,
14.830192204234127,
11.479334584847685,
16.299355249424551,
21.889034520117541,
24.59583767779597,
28.9097184573247,
33.09225401592353,
38.242594182069681,
41.663320926421619],
"mesh": "agent",
"animation_cycles": null,
"friend":2,
"friends":[]
}
],
"coeff_matrix":[[1,
1,
1],
[10,
10,
10],
[1,
1,
1],
[0,
0,
0],
[1,
1,
1],
[0,
0,
0]]}