{"agents":[{"id":1,
"xse":[[44.999999727212447,
0,
0],
[-44.999999727212447,
5.5109105627562494E-15,
44.224002838134766]],
"max_time":44.224002838134766,
"waypoints":1,
"seg_per_waypoint":50,
"segments":50,
"v":[[44.999999727212447,
-1.8324191453307243E-17,
-2.770569224079083E-16],
[43.919039716957279,
-0.027259133578755649,
0.70215489665004538],
[42.850160171730245,
-0.0872923010359785,
1.3992605311936743],
[41.771695140307074,
-0.084936122552377327,
2.0982598436148727],
[40.734697968217148,
-0.11185251934668178,
2.7989330847286631],
[39.663697259841705,
-0.13146950764653989,
3.5051941015966825],
[38.628026318923517,
-0.16559126969904253,
4.208311966014171],
[37.569431761385857,
-0.20798639701942587,
4.91523852630214],
[36.474474552226226,
-0.21547254135141075,
5.6256277922511835],
[35.341539992743826,
-0.22887593408875409,
6.3363452426704363],
[34.222441774001709,
-0.26318879403928186,
7.0550607417478037],
[33.074618730370474,
-0.30835070021651312,
7.7717373918144395],
[31.918308100039106,
-0.34920104134768548,
8.4961501553619385],
[30.807016429355109,
-0.39405675129690126,
9.22287733078264],
[29.652964540540026,
-0.43424647015672596,
9.9547128241232077],
[28.478611209044111,
-0.45151978425101308,
10.689950459084967],
[27.366206069670667,
-0.47636111917192336,
11.429868727174183],
[26.156299993208048,
-0.53148293345640341,
12.173247428985318],
[24.977635610797687,
-0.594381609620252,
12.92086838023558],
[23.761833215767592,
-0.64577641652421947,
13.67330985108574],
[22.366322385120927,
-0.68389977017183279,
14.448582643915872],
[20.820855999584648,
-0.73887810103469853,
15.299747109912193],
[18.864816038766165,
-0.805548801763414,
16.34700691888532],
[15.597241858319784,
-0.91183942078610269,
17.994765107609936],
[11.820748599426903,
-1.0353317145706549,
19.858785544327578],
[7.8439339211090022,
-1.1514772560473261,
21.763457095370274],
[3.8777656793842343,
-0.95108555128242256,
23.661157352346869],
[-0.095512427589198978,
-0.41515255652331895,
25.572539996098342],
[-3.8902639402348669,
0.11095063384616899,
27.452323443062255],
[-7.2281725027104606,
0.57635657240545013,
29.14603305713506],
[-9.1681308933048875,
0.85144810523337378,
30.187185525676313],
[-10.698093915479422,
1.0640642906558184,
31.032461949367963],
[-12.081853855556751,
1.2510741649305737,
31.810594078481351],
[-13.373562132913865,
1.4051527179064438,
32.566131493672238],
[-14.580096316790442,
1.622706560923505,
33.313510557154352],
[-15.712239614895712,
1.8643851376603979,
34.055688554018452],
[-16.885730741652068,
2.125045808248287,
34.793145713072313],
[-18.161762194525735,
2.4934620565776684,
35.526829289397561],
[-19.587518995774964,
3.1252967098241915,
36.256433266021183],
[-21.177081572885594,
3.9813278096263,
36.979987975617668],
[-23.262074542647863,
6.1124604208205264,
37.700906533545741],
[-25.256700367276078,
7.0026510705415914,
38.419650192430133],
[-27.072413846225182,
7.14429850520415,
39.138582367170947],
[-29.331131763219304,
6.4522350053026676,
39.847564994999729],
[-31.569199300374777,
5.3328199568645926,
40.55126896070027],
[-34.83342789243779,
1.9259919183454521,
41.248377712118888],
[-37.428967213713491,
0.18945481485329491,
41.951415269374834],
[-39.44202373092515,
-0.43838221443829317,
42.648973542258517],
[-41.235254667858555,
-0.73356781217566347,
43.342187888182053],
[-43.081200118226789,
-0.498099213031858,
44.033583994491153],
[-44.999999727212447,
9.8542460477142576E-15,
44.729600482555632]],
"radius":0.75,
"mass":1,
"friends":[],
"mesh":"agent",
"animation_cycles":[],
"e":[[1,
2],
[2,
3],
[3,
4],
[4,
5],
[5,
6],
[6,
7],
[7,
8],
[8,
9],
[9,
10],
[10,
11],
[11,
12],
[12,
13],
[13,
14],
[14,
15],
[15,
16],
[16,
17],
[17,
18],
[18,
19],
[19,
20],
[20,
21],
[21,
22],
[22,
23],
[23,
24],
[24,
25],
[25,
26],
[26,
27],
[27,
28],
[28,
29],
[29,
30],
[30,
31],
[31,
32],
[32,
33],
[33,
34],
[34,
35],
[35,
36],
[36,
37],
[37,
38],
[38,
39],
[39,
40],
[40,
41],
[41,
42],
[42,
43],
[43,
44],
[44,
45],
[45,
46],
[46,
47],
[47,
48],
[48,
49],
[49,
50],
[50,
51]],
"rest_edge_lengths":[61.89276999729298,
58.941180286565057,
55.989777045933721,
53.038591378354241,
50.08766273977411,
47.13703825415157,
44.186778883482624,
41.236961984284704,
38.287691021179917,
35.339102679861384,
32.391383378094162,
29.444794115768715,
26.49971182765762,
23.556702259300625,
20.616652361461043,
17.681038621327964,
14.752509540413831,
11.836324920627474,
8.9445669418802929,
6.1120045811501154,
3.4860531646357122,
5.1437780931260857,
10.067556186252171,
14.991334279378256,
19.915112372504343,
24.838890465630424,
29.762668558756513,
34.6864466518826,
39.610224745008679,
44.534002838134768,
44.592695215937958,
46.730307945979582,
48.952829737156904,
51.249215026960364,
53.609972463000943,
56.026965766168139,
58.493224200060894,
61.002772892298566,
63.550483575309492,
66.131945873582538,
68.743357951327411,
71.381432489595326,
74.043319688905243,
76.726541178946917,
79.42893488181933,
82.148608711910754,
84.883900881574391,
87.633349689201893,
90.395663406556082,
93.23954942370716],
"rest_region_lengths":[0,
120.83395028385803,
114.93095733249878,
109.02836842428796,
103.12625411812834,
97.22470099392568,
91.3238171376342,
85.423740867767322,
79.524653005464614,
73.6267937010413,
67.730486057955545,
61.836177493862877,
55.944505943426336,
50.056414086958242,
44.173354620761671,
38.297690982789007,
32.4335481617418,
26.588834461041305,
20.780891862507765,
15.056571523030408,
9.5980577457858267,
8.629831257761797,
15.211334279378256,
25.058890465630427,
34.9064466518826,
44.754002838134767,
54.601559024386937,
64.4491152106391,
74.29667139689127,
84.144227583143447,
89.126698054072733,
91.323003161917541,
95.6831376831365,
100.20204476411726,
104.8591874899613,
109.63693822916909,
114.52018996622903,
119.49599709235946,
124.55325646760807,
129.68242944889204,
134.87530382490996,
140.12479044092274,
145.42475217850057,
150.76986086785217,
156.15547606076626,
161.57754359373007,
167.03250959348514,
172.5172505707763,
178.029013095758,
183.63521283026324]},
{"id":2,
"xse":[[-44.999999727212447,
5.5109105627562494E-15,
0],
[44.999999727212447,
-1.1021821125512499E-14,
44.224002838134766]],
"max_time":44.224002838134766,
"waypoints":1,
"seg_per_waypoint":50,
"segments":50,