{"agents":[{"id":1,
"xse":[[44.999999727212447,
0,
0],
[-44.999999727212447,
5.5109105627562494E-15,
44.224002838134766]],
"max_time":44.224002838134766,
"waypoints":1,
"seg_per_waypoint":50,
"segments":50,
"v":[[44.999999727212447,
-7.7221871578666267E-20,
-1.080956432324414E-19],
[43.200618691423877,
0.037333575865246188,
0.89398532446741252],
[41.401227253977716,
0.074667367547817137,
1.7879746522117992],
[39.601816488062646,
0.11200156025976195,
2.6819713654108144],
[37.802397405504045,
0.14933592552606972,
3.5759712362273173],
[36.002973328467043,
0.18667039441318445,
4.469973007715609],
[34.203544507289479,
0.2240049617334515,
5.363976642070921],
[32.404092499699019,
0.26134001011898755,
6.257989011571361],
[30.604620424060474,
0.29867547488128177,
7.15200901564201],
[28.80511269615236,
0.3360116793401175,
8.04604203534429],
[27.005528673219068,
0.37334946681482051,
8.94010377865487],
[25.205902592906074,
0.41068812687609163,
9.8341803335502167],
[23.406244391778152,
0.44802745337140437,
10.728268647237492],
[21.606573446477846,
0.48536704429102884,
11.622362302589266],
[19.806901622591848,
0.52270665344150047,
12.516457044834091],
[18.007217709457731,
0.56004651334248934,
13.410557284492391],
[16.207496086113913,
0.59738715470146286,
14.304671755337731],
[14.407696041583289,
0.63472941839385855,
15.198815606978005],
[12.607804175564405,
0.6720735563771536,
16.092993455583134],
[10.80778675961235,
0.70942010320105953,
16.987217827461535],
[9.0075326331277932,
0.7467703142192591,
17.881530203930865],
[7.2066048955015427,
0.78412656565541938,
18.77608746850094],
[5.4077338094585272,
0.8213898291003543,
19.672212302959178],
[3.615798786835124,
0.85819044800838462,
20.566541859938397],
[1.8161337088907967,
0.8931185354388127,
21.473111751375516],
[0.01575307842925917,
0.9151415638079845,
22.363450564195055],
[-1.7878616883036611,
0.89293556570556,
23.256295718457967],
[-3.5840947985474476,
0.85808173614500971,
24.145458963709814],
[-5.4140550089867467,
0.82052475102005407,
25.056133648211286],
[-7.2042536104403556,
0.78347317516633208,
25.950143744908836],
[-9.0034022688850168,
0.74618707342989032,
26.846451946759164],
[-10.804501897510239,
0.70885274159760747,
27.74097631891188],
[-12.604909373082158,
0.67153155407152743,
28.63525304821168],
[-14.405072702667463,
0.63421523853234352,
29.529439634824822],
[-16.205105924107006,
0.59690159038679369,
30.4235782519717],
[-18.00505527567098,
0.5595896761709076,
31.317685958075142],
[-19.804926651284426,
0.52227937762098864,
32.21176480084258],
[-21.604727949504362,
0.48497053160560188,
33.105817271012604],
[-23.404509845105704,
0.44766208778416433,
33.99986262403138],
[-25.204238403552839,
0.41035474961724061,
34.893887842560261],
[-27.003948591309335,
0.373047792264429,
35.787906046075079],
[-28.8036282244756,
0.335741468290594,
36.681912577873867],
[-30.603281042912922,
0.29843570016714183,
37.575908824720216],
[-32.402914194763916,
0.26113033972583094,
38.469897637975329],
[-34.202529017454154,
0.22382535923385935,
39.363879387809227],
[-36.0021276211624,
0.18652071495354919,
40.257854927354153],
[-37.801720346695994,
0.14921619252606408,
41.151828179071174],
[-39.60129768532861,
0.11191198905992814,
42.045795494998394],
[-41.40086733953143,
0.074607944884695,
42.939759710021342],
[-43.200436215369734,
0.037303916849819194,
43.83372345443594],
[-44.999999727212447,
5.5110014907013829E-15,
44.727684849547551]],
"radius":0.75,
"mass":1,
"friends":[],
"mesh":"agent",
"animation_cycles":[],
"e":[[1,
2],
[2,
3],
[3,
4],
[4,
5],
[5,
6],
[6,
7],
[7,
8],
[8,
9],
[9,
10],
[10,
11],
[11,
12],
[12,
13],
[13,
14],
[14,
15],
[15,
16],
[16,
17],
[17,
18],
[18,
19],
[19,
20],
[20,
21],
[21,
22],
[22,
23],
[23,
24],
[24,
25],
[25,
26],
[26,
27],
[27,
28],
[28,
29],
[29,
30],
[30,
31],
[31,
32],
[32,
33],
[33,
34],
[34,
35],
[35,
36],
[36,
37],
[37,
38],
[38,
39],
[39,
40],
[40,
41],
[41,
42],
[42,
43],
[43,
44],
[44,
45],
[45,
46],
[46,
47],
[47,
48],
[48,
49],
[49,
50],
[50,
51]],
"rest_edge_lengths":[61.89276999729298,
58.941180286565057,
55.989777045933721,
53.038591378354241,
50.08766273977411,
47.13703825415157,
44.186778883482624,
41.236961984284704,
38.287691021179917,
35.339102679861384,
32.391383378094162,
29.444794115768715,
26.49971182765762,
23.556702259300625,
20.616652361461043,
17.681038621327964,
14.752509540413831,
11.836324920627474,
8.9445669418802929,
6.1120045811501154,
3.4860531646357122,
5.1437780931260857,
10.067556186252171,
14.991334279378256,
19.915112372504343,
24.838890465630424,
29.762668558756513,
34.6864466518826,
39.610224745008679,
44.534002838134768,
44.592695215937958,
46.730307945979582,
48.952829737156904,
51.249215026960364,
53.609972463000943,
56.026965766168139,
58.493224200060894,
61.002772892298566,
63.550483575309492,
66.131945873582538,
68.743357951327411,
71.381432489595326,
74.043319688905243,
76.726541178946917,
79.42893488181933,
82.148608711910754,
84.883900881574391,
87.633349689201893,
90.395663406556082,
93.23954942370716],
"rest_region_lengths":[0,
120.83395028385803,
114.93095733249878,
109.02836842428796,
103.12625411812834,
97.22470099392568,
91.3238171376342,
85.423740867767322,
79.524653005464614,
73.6267937010413,
67.730486057955545,
61.836177493862877,
55.944505943426336,
50.056414086958242,
44.173354620761671,
38.297690982789007,
32.4335481617418,
26.588834461041305,
20.780891862507765,
15.056571523030408,
9.5980577457858267,
8.629831257761797,
15.211334279378256,
25.058890465630427,
34.9064466518826,
44.754002838134767,
54.601559024386937,
64.4491152106391,
74.29667139689127,
84.144227583143447,
89.126698054072733,
91.323003161917541,
95.6831376831365,
100.20204476411726,
104.8591874899613,
109.63693822916909,
114.52018996622903,
119.49599709235946,
124.55325646760807,
129.68242944889204,
134.87530382490996,
140.12479044092274,
145.42475217850057,
150.76986086785217,
156.15547606076626,
161.57754359373007,
167.03250959348514,
172.5172505707763,
178.029013095758,
183.63521283026324]},
{"id":2,
"xse":[[-44.999999727212447,
5.5109105627562494E-15,
0],
[44.999999727212447,
-1.1021821125512499E-14,
44.224002838134766]],
"max_time":44.224002838134766,
"waypoints":1,
"seg_per_waypoint":50,
"segments":50,